timestamp,place_name,place_type,place_id,live_popularity
2025-12-28T19:37:45.919396,White Rabbit,cafe,ChIJUUuUHikQNEQRs2uwXA0V0io,19
2025-12-28T19:37:49.530362,"Тундра, Grill & Bar",cafe,ChIJT8zUHCcQNEQROOKYAUCVqvU,22
2025-12-28T19:43:16.428168,White Rabbit,cafe,ChIJUUuUHikQNEQRs2uwXA0V0io,19
2025-12-28T19:43:19.301589,"Тундра, Grill & Bar",cafe,ChIJT8zUHCcQNEQROOKYAUCVqvU,22
2025-12-28T19:54:23.413596,White Rabbit,restaurant,ChIJUUuUHikQNEQRs2uwXA0V0io,19
2025-12-28T19:54:26.445409,"Тундра, Grill & Bar",bar,ChIJT8zUHCcQNEQROOKYAUCVqvU,22
2025-12-28T19:54:57.839119,Terrasa,restaurant,ChIJTyYZFRRShUQR87Y3VhUUwJY,81
2025-12-28T20:40:32.192283,"Тундра, Grill & Bar",bar,ChIJT8zUHCcQNEQROOKYAUCVqvU,44
2025-12-29T05:53:50.799492,White Rabbit,restaurant,ChIJUUuUHikQNEQRs2uwXA0V0io,26
2025-12-29T07:02:32.747375,White Rabbit,restaurant,ChIJUUuUHikQNEQRs2uwXA0V0io,12
2025-12-29T07:03:18.715135,Severnoye Nagornoye,movie_theater,ChIJ67D5EEFOhUQR2ZOT0bqcRXQ,44
2025-12-29T09:00:06.999472,White Rabbit,restaurant,ChIJUUuUHikQNEQRs2uwXA0V0io,29
2025-12-29T09:00:09.549905,"Тундра, Grill & Bar",bar,ChIJT8zUHCcQNEQROOKYAUCVqvU,51
2025-12-29T09:00:34.637410,Terrasa,restaurant,ChIJTyYZFRRShUQR87Y3VhUUwJY,25
2025-12-29T09:00:50.289979,Severnoye Nagornoye,movie_theater,ChIJ67D5EEFOhUQR2ZOT0bqcRXQ,4
2025-12-29T09:55:04.798875,White Rabbit,restaurant,ChIJUUuUHikQNEQRs2uwXA0V0io,29
2025-12-29T09:55:07.532852,"Тундра, Grill & Bar",bar,ChIJT8zUHCcQNEQROOKYAUCVqvU,47
2025-12-29T09:55:35.430854,Terrasa,restaurant,ChIJTyYZFRRShUQR87Y3VhUUwJY,91
2025-12-29T09:55:53.169011,Severnoye Nagornoye,movie_theater,ChIJ67D5EEFOhUQR2ZOT0bqcRXQ,52
2025-12-29T10:49:55.783583,White Rabbit,restaurant,ChIJUUuUHikQNEQRs2uwXA0V0io,77
2025-12-29T10:49:58.680653,"Тундра, Grill & Bar",bar,ChIJT8zUHCcQNEQROOKYAUCVqvU,58
2025-12-29T10:50:26.408811,Terrasa,restaurant,ChIJTyYZFRRShUQR87Y3VhUUwJY,100
2025-12-29T10:50:43.888722,Severnoye Nagornoye,movie_theater,ChIJ67D5EEFOhUQR2ZOT0bqcRXQ,58
2025-12-29T11:33:13.790680,White Rabbit,restaurant,ChIJUUuUHikQNEQRs2uwXA0V0io,85
2025-12-29T11:33:16.947859,"Тундра, Grill & Bar",bar,ChIJT8zUHCcQNEQROOKYAUCVqvU,82
2025-12-29T11:33:46.459238,Terrasa,restaurant,ChIJTyYZFRRShUQR87Y3VhUUwJY,100
2025-12-29T11:34:06.160192,Severnoye Nagornoye,movie_theater,ChIJ67D5EEFOhUQR2ZOT0bqcRXQ,65
2025-12-29 14:43:17,Chinar,bar,ChIJA8O83eYPNEQRqDkBr66GyGA,0
2025-12-29 14:43:18,Merry Baker,cafe,ChIJA8O83eYPNEQRLOCPH-PYTFs,0
2025-12-29 14:43:18,Slegka Ne Zamuzhem,night_club,ChIJtXSRcogPNEQRRxCvlSs3iwY,0
2025-12-29 14:43:19,Sim-Sim,bar,ChIJA8O83eYPNEQR99zp_37h8BA,0
2025-12-29 14:43:19,Tea spoon,restaurant,ChIJAdxF_SkQNEQRVpGKVrKMY2U,0
2025-12-29 14:43:20,M-Klub,bar,ChIJBWEhAyoQNEQR0_k-KwKfRsE,0
2025-12-29 14:43:21,Vkusnoochen',cafe,ChIJXc4MuSsQNEQR7dNGzoe3veI,0
2025-12-29 14:43:21,Рюмочная N° 1,cafe,ChIJH09FDNYPNEQRJonBYtKcOx8,0
2025-12-29 14:43:22,White Rabbit,restaurant,ChIJUUuUHikQNEQRs2uwXA0V0io,85
2025-12-29 14:43:23,Yunost',cafe,ChIJWcLovNoPNEQRAxzl61h9Mvg,0
2025-12-29 14:43:23,Lavka Moroshka,cafe,ChIJ66WGqNcPNEQR4OP6JvHuWMI,0
2025-12-29 14:43:24,Yunost',cafe,ChIJaSRcRBFShUQRTSWXRNJaPEE,0
2025-12-29 14:43:25,Shtolle,cafe,ChIJlceuURVShUQREIM-nzI3Y-s,0
2025-12-29 14:43:25,"Тундра, Grill & Bar",bar,ChIJT8zUHCcQNEQROOKYAUCVqvU,82
2025-12-29 14:43:26,Pivlyandiya,bar,ChIJB3pwnS0QNEQR4vTr5yb8X94,0
2025-12-29 14:43:26,Gray Goose,bar,ChIJPW7avdAPNEQRvsTcnwNdwV4,0
2025-12-29 14:43:27,Briz,cafe,ChIJt8Z1tTIQNEQR47kkDKisP3E,0
2025-12-29 14:43:28,Murmansk Regional Children and Youth Library,library,ChIJp-5hgCgQNEQRPO5M0RHOih8,0
2025-12-29 14:43:28,Tezey,book_store,ChIJl5lLnK0RNEQRmy-Jt_S2uAQ,0
2025-12-29 14:43:29,Marusya,book_store,ChIJZ5fmdS4QNEQRVYLagCHEWgE,0
2025-12-29 14:43:29,Internet Bookshop Labyrinth,book_store,ChIJHzbzCNcPNEQR3hBVf1H5XPY,0
2025-12-29 14:43:30,Irrion,book_store,ChIJL7qxbcIPNEQRQKqXR-WE2DA,0
2025-12-29 14:43:30,Knizhnyy Magazin Globus,book_store,ChIJi1sx2tAPNEQR7Ce64vCQ9w8,0
2025-12-29 14:43:31,Bookvoed,book_store,ChIJWaf1zNoPNEQRY0KW1R5hsmc,0
2025-12-29 14:43:31,Book world,book_store,ChIJhbNiKcMPNEQRQW5o4jiE6hY,0
2025-12-29 14:43:32,Knigi,book_store,ChIJ2_kVURBThUQR9-Wl4w8JVSw,0
2025-12-29 14:43:32,Bookvoed,book_store,ChIJyStXJX4FNEQRn6RUhno4xuw,0
2025-12-29 14:43:33,Book World,book_store,ChIJA8O83eYPNEQRLm645c7MHww,0
2025-12-29 14:43:33,Serenity Сomiсs,book_store,ChIJUVptwGwPNEQR7zepmPeQsSE,0
2025-12-29 14:43:34,"Mbuk ""Vystavochnyy Zal G. Murmanska""",art_gallery,ChIJq_YFlS0QNEQRw1pihYjTQhs,0
2025-12-29 14:43:34,Naval Museum of the Northern Fleet,museum,ChIJA8O83eYPNEQRQmp6Rphk1fE,0
2025-12-29 14:43:35,Muzey Istorii Murmanskogo Morskogo Torgovogo Porta,museum,ChIJj4iwvtQRNEQR7cgon0Ck7DE,0
2025-12-29 14:43:35,Murmanskiy Oblastnoy Krayevedcheskiy Muzey,museum,ChIJA8O83eYPNEQRmjin2JkQwo4,0
2025-12-29 14:43:36,Murmanskiy Oblastnoy Khudozhestvennyy Muzey,museum,ChIJA8O83eYPNEQR9tycynax4oM,0
2025-12-29 14:43:37,"Muzey Zanimatel'nykh Nauk ""Fokus""",museum,ChIJAZh5jCgQNEQR2YFM5-mDwhc,0
2025-12-29 14:43:37,Murmanskiy Oblastnoy Krayevedcheskiy Muzey,museum,ChIJ8ZZPxi4QNEQRP2MYfHv2zs4,0
2025-12-29 14:43:38,Lenin,museum,ChIJeU8UJNURNEQR28Gq7izw4Zk,0
2025-12-29 14:43:38,Dom Remesel Murmanskogo Oblastnogo Khudozhestvennogo Muzeya,museum,ChIJuz8PLtoPNEQRwn-36LV7jQk,0
2025-12-29 14:43:39,Muzey Boyevoy Slavy,museum,ChIJX5riU0BShUQRs5XAVSrjOQA,0
2025-12-29 14:43:39,Abram Mys,museum,ChIJZ4YShsQPNEQR96W2PDJqhhY,0
2025-12-29 14:43:40,Ametist,shopping_mall,ChIJ_xdsvtAPNEQRjZ4UtM1aPu0,0
2025-12-29 14:43:40,Germes,shopping_mall,ChIJA8O83eYPNEQRBWRMmzn_EQs,0
2025-12-29 14:43:41,Mirazh,shopping_mall,ChIJA8O83eYPNEQRkRxlznWmm54,0
2025-12-29 14:43:41,Tsentral'nyy,shopping_mall,ChIJA8O83eYPNEQRX2A1PXheKPc,0
2025-12-29 14:43:42,Dom Torgovli,shopping_mall,ChIJ6TiBdCkQNEQRNNRGBPIWV0E,0
2025-12-29 14:43:42,Liga,shopping_mall,ChIJc__ETMMPNEQRb0-2UBVZNBQ,0
2025-12-29 14:43:43,Yelan,shopping_mall,ChIJJ3RDkvIPNEQRYJ6TvTyhTqw,0
2025-12-29 14:43:43,Elektron,shopping_mall,ChIJdYPIVNsPNEQRnrCmwF-28Mk,0
2025-12-29 14:43:44,Yavr,shopping_mall,ChIJj85MIyoQNEQRc_qAcwaUxVc,0
2025-12-29 14:43:44,Arbat,shopping_mall,ChIJCXWCcdYPNEQRT1A1pJRuYis,0
2025-12-29 14:43:45,Pioner,shopping_mall,ChIJf7PiFBFShUQReW-_q6obK_E,0
2025-12-29 14:43:45,Zabota,shopping_mall,ChIJLyJcERFShUQRQkfUyvzE-DA,0
2025-12-29 14:43:46,Alina,shopping_mall,ChIJ6V8YQBFShUQRDUkb3qu-Kio,0
2025-12-29 14:43:46,Sokol,shopping_mall,ChIJf0H5_w9ShUQRLwpmNb20Dl0,0
2025-12-29 14:43:47,"HI,POOH",shopping_mall,ChIJAdKFydoPNEQRtdCur16lip0,0
2025-12-29 14:43:47,Shou-Tekhnologii,shopping_mall,ChIJJRtIz9APNEQRMu-6XcyAFIk,0
2025-12-29 14:43:48,Kruzhka,restaurant,ChIJA8O83eYPNEQRJqoNvwiLFJo,0
2025-12-29 14:43:49,Sushi-Bar Kay,restaurant,ChIJA8O83eYPNEQRbMOcoEwLYvY,0
2025-12-29 14:43:49,Praga,restaurant,ChIJA8O83eYPNEQRd9em-H5ZAyU,0
2025-12-29 14:43:49,Katran Trade,restaurant,ChIJA8O83eYPNEQR7PnwZk7UP6U,0
2025-12-29 14:43:50,Stopka,bar,ChIJA8O83eYPNEQR9G-9fHngD6k,0
2025-12-29 14:43:51,Russkiye Bliny,restaurant,ChIJA8O83eYPNEQR5ZDBuiiDILA,0
2025-12-29 14:43:51,Arktika,restaurant,ChIJd3NMhykQNEQRgPXnJVtRB3Q,0
2025-12-29 14:43:52,Terrasa,restaurant,ChIJTyYZFRRShUQR87Y3VhUUwJY,100
2025-12-29 14:43:52,Cherchill',bar,ChIJIx79iNYPNEQRutPvURV0w1M,0
2025-12-29 14:43:53,Northern Bakeries,restaurant,ChIJX61JUBBShUQRdNeoB9Yi8Uw,0
2025-12-29 14:43:53,Fortuna,restaurant,ChIJe84eAEBShUQRGhpSSEwi9pw,0
2025-12-29 14:43:54,Amigos bar&grill,bar,ChIJPwwsfi4QNEQRwTBcV2klkQU,0
2025-12-29 14:43:54,Alyosha,food_court,ChIJJXT5_sgRNEQRO2Rv3tIP-50,0
2025-12-29 14:43:55,"Otel' ""Ogni Murmanska""",park,ChIJ6RJdvl4FNEQRSUxlWLHbXfw,0
2025-12-29 14:43:55,Discovery,food_court,ChIJWxyfwYEFNEQReaEctK3AWZg,0
2025-12-29 14:43:56,Black Belt Hotel (Hostel),food_court,ChIJfVLBwSMQNEQRQ8jTQtz1kzE,0
2025-12-29 14:43:56,Kongress-Otel' Meridian,food_court,ChIJd5GpHCoQNEQRahI6sNSq3aw,0
2025-12-29 14:43:57,"Cosmos Murmansk Hotel, a member of Radisson Individuals",food_court,ChIJdyefSdgPNEQR5qPr5yQAjVw,0
2025-12-29 14:43:58,Nord Star Ski Complex / Recreation,food_court,ChIJA8O83eYPNEQRediegJRpa-I,0
2025-12-29 14:43:58,Yunost' Zapolyar'ya,food_court,ChIJs7KHLvEPNEQR3rxedaFK69g,0
2025-12-29 14:43:59,Hostel Prichal,food_court,ChIJay17680PNEQRCqnwj7q0Ycw,0
2025-12-29 14:43:59,Фьорд,food_court,ChIJuyJoZqARNEQRn8CCMmL6OCI,0
2025-12-29 14:44:00,Tri Zaytsa,food_court,ChIJIdejaC0QNEQROJqcXRK6-ec,0
2025-12-29 14:44:00,AZIMUT Hotel Murmansk,food_court,ChIJA8O83eYPNEQRCX-bFId7vVU,0
2025-12-29 14:44:01,Rooms & Breakfast,food_court,ChIJbTqsadgPNEQRNGOcTG0GdIo,0
2025-12-29 14:44:01,"Murmansk, Skver",park,ChIJDSk4MioQNEQRGPUTbBPp04I,0
2025-12-29 14:44:02,Ryabinovaya Alleya,park,ChIJI8uTddgPNEQR1J1mBDzrBBw,0
2025-12-29 14:44:02,"""Domiki U Foruma""",park,ChIJz-RCABVOhUQRc8aREPRb79E,0
2025-12-29 14:44:03,Ploshchad' Pyat' Uglov,park,ChIJvyFLjykQNEQRZo7vAVL49d8,0
2025-12-29 14:44:03,Park Zhertv Interventsii,park,ChIJb70c0isQNEQRzGhi5IBn3BE,0
2025-12-29 14:44:04,"Pamyatnik Rybakam I Korablyam, Pogibshim Pri Zashchite Sovetskogo Zapolyar'ya V Gody Velikoy Otechestvennoy Voyny.",park,ChIJ2QbYKdQPNEQRM_54zSJf55Y,0
2025-12-29 14:44:04,Skver U Morskogo Vokzala,park,ChIJAyH4R7ARNEQRvEBxD73GIDY,0
2025-12-29 14:44:05,Skver Vlyublennykh,park,ChIJ7fskjIgRNEQR8O4t5s5sNbk,0
2025-12-29 14:44:05,Park,park,ChIJcxqPpdAPNEQRd6mXHm_t9FA,0
2025-12-29 14:44:06,Park,park,ChIJdbTmitoPNEQRyzPXAxhQX9U,0
2025-12-29 14:44:06,Breakout-quests in reality,movie_theater,ChIJq6pubdYPNEQR6_Dd4xlzt-Q,0
2025-12-29 14:44:07,Murmansk,movie_theater,ChIJL2HfT9gPNEQR8PQ3NT5oMzg,0
2025-12-29 14:44:07,Severnoye Siyaniye,movie_theater,ChIJN_l8sNoPNEQR4dZCGdjWn3w,0
2025-12-29 14:44:08,Mirage Cinema,movie_theater,ChIJUzWpJX4FNEQRrj2-F5lI9P4,0
2025-12-29 14:44:08,Severnoye Nagornoye,movie_theater,ChIJ67D5EEFOhUQR2ZOT0bqcRXQ,65
2025-12-29 14:44:09,Kronverk Cinema Forum,movie_theater,ChIJjVLe7OYPNEQR_ntQmglofzM,0
2025-12-29 14:44:09,Avrora,movie_theater,ChIJ_ZapuQoRNEQR9pDiisujyv0,0
2025-12-29 14:44:10,Lyumen Galaktika,movie_theater,ChIJgaNpACAQNEQRV9WhgBVrBdA,0
2025-12-29 14:44:10,Milan,bar,ChIJA8O83eYPNEQRxdsKxICqKHw,0
2025-12-29 14:44:11,Pivnaya Karta,bar,ChIJlaFuABRShUQRpfsrOSSgk50,0
2025-12-29 14:44:11,Pin-up,bar,ChIJT-OoBhFShUQR3iVjaXIO4yQ,0
2025-12-29 14:44:12,Lit.ra,bar,ChIJKdSmmicQNEQRm58MKdFYnmw,0
2025-12-29 14:44:12,NORTH BEAR Lounge,bar,ChIJRaIW-C4QNEQRmhMQSs6nKXs,0
2025-12-29 14:44:13,Cherdak,bar,ChIJOzbynScQNEQRxvfZ0KOTtjQ,0
2025-12-29 14:44:13,Pivnaya Karta,bar,ChIJQT9NBRBShUQRc-qlUBW3lmM,0
2025-12-29 14:44:14,Ironiya Sud'by,night_club,ChIJg9moRRVShUQROpCkBAe6ojA,0
2025-12-29 14:44:14,"""Chicago""",bar,ChIJAcLiF9EPNEQRj1syIZWkAhE,0
2025-12-29 14:44:15,Gogol',night_club,ChIJfdMLQSYQNEQRPO_G5VOSZMg,0
2025-12-29 14:44:15,Hookah # 1916,night_club,ChIJqbyqBtEPNEQRfd7puDxygV4,0
2025-12-29 14:44:16,Shury-Mury,night_club,ChIJ-789BQFShUQRCpHO1xhcToM,0
2025-12-29 14:44:16,Kommunalka,night_club,ChIJlwOHGYQFNEQRPrII6iHmqEQ,0
2025-12-29 14:44:17,Ledokol,night_club,ChIJA8O83eYPNEQRDwIjfkptGKo,0
2025-12-29 14:44:17,OKEAN Hall,night_club,ChIJ4wI3BTURNEQRn3qwJf-x8Gc,0
2025-12-29 14:44:18,ZALL CLUB & concert hall,night_club,ChIJl9_qM6IPNEQRm_QHNhVE6kU,0
2025-12-29 14:44:18,"GOOD Night, Rooms & Hostel",night_club,ChIJP0WikRQPNEQRa-fOwDqHksg,0
2025-12-29 14:44:19,Енотополис,night_club,ChIJwWg6mXYRNEQROuHfEBIfq10,0
2025-12-29 14:44:19,Zажигалка,night_club,ChIJr-lBWRcRNEQRf90aizHXu4E,0
2025-12-29 14:44:20,"Banketnyy Zal ""Otdykh Kholl""",night_club,ChIJf4HsqCMQNEQRKwGLJKcbkLs,0
2025-12-29 14:44:20,Sauna Berloga,night_club,ChIJBzc_y0UQNEQRO2ZS7blu3tA,0
2025-12-29 14:44:21,"Garin, dj bar",night_club,ChIJWf3BL7sRNEQRprlb-kJZSsI,0
2025-12-29 14:44:21,Kruzhka,night_club,ChIJgXNkcogPNEQReytBCr9yQnc,0
2025-12-29 14:44:22,Noch',night_club,ChIJJ7NHNpEFNEQRpbegxcPA668,0
2025-12-29 14:44:22,Sfera,bowling_alley,ChIJA8O83eYPNEQRbiGVeXnNfh0,0
2025-12-29 14:44:23,Our planet,gym,ChIJA8O83eYPNEQRW4Jv7jdiRQY,0
2025-12-29 14:44:23,Omega fitness,gym,ChIJA8O83eYPNEQRs3QgGI9smKE,0
2025-12-29 14:44:24,"Olimpiya, Sportivnyy Tsentr",gym,ChIJA8O83eYPNEQRX5cDvwmT8iQ,0
2025-12-29 14:44:24,Yoga Studio Jaya,gym,ChIJH2MtKS8QNEQRao9vAMosRYU,0
2025-12-29 14:44:25,Nord Gym,gym,ChIJWaYlJiYQNEQRxFFkOqOSJ68,0
2025-12-29 14:44:25,Akvafitnes,gym,ChIJRdIeQUBShUQRjGIbXXadFg0,0
2025-12-29 14:44:26,Elit Fitnes,gym,ChIJ82sd_yYQNEQRmbdQ2XG1znk,0
2025-12-29 14:44:26,Yogin,gym,ChIJ-9xl2i8QNEQRTAN0vSKNzFs,0
2025-12-29 14:44:27,Tsentr Effektivnoy Fizkul'tury,gym,ChIJ7TI-LtoPNEQRKBdqCOybftc,0
2025-12-29 14:44:27,Shkola Zdorov'ya,gym,ChIJC-IK_94PNEQR6__cPUsFwnc,0
2025-12-29 14:44:28,S-Terminal,gym,ChIJscBuAERShUQRNwZ6oETZmuo,0
2025-12-29 14:44:28,Kinezis,gym,ChIJ5zR3NugPNEQRwHcW-rXB-wk,0
2025-12-29 14:44:28,Murmanskiy Legkoatleticheskiy Manezh,gym,ChIJVbj9CvEPNEQRg5u3_5OT-uo,0
2025-12-29 14:44:29,ФИТНЕС МАСТЕР Ленинский,gym,ChIJT977GKwRNEQRvSbEMQMdpNY,0
2025-12-29 14:44:29,Murmansk,transit_station,ChIJd7deRBRShUQRfmXdofmwWsA,0
2025-12-29 14:44:30,"Murmansk, Zheleznodorozhnaya Stantsiya Murmanskogo Tsentra Organizatsii Raboty Zheleznodorozhnykh S",transit_station,ChIJDeKATtMRNEQREVtD75Wwkfc,0
2025-12-29 14:44:30,Kola,transit_station,ChIJDxInCvUFNEQRrK6ENZC7g6Q,0
2025-12-29 14:44:31,Murmansk Commercial Seaport,transit_station,ChIJA8O83eYPNEQRv_114miQiso,0
2025-12-29 14:44:31,Avtovokzal,transit_station,ChIJA8O83eYPNEQR8KpHrOHe6eM,0
2025-12-29 14:44:32,Marine Station,transit_station,ChIJDeKATtMRNEQRITjHNc2fP0c,0
2025-12-29 14:44:32,Morvokzal,transit_station,ChIJx6dFxdQRNEQRqXimE3wsIeI,0
2025-12-29 16:49:34,Chinar,bar,ChIJA8O83eYPNEQRqDkBr66GyGA,0
2025-12-29 16:49:35,Merry Baker,cafe,ChIJA8O83eYPNEQRLOCPH-PYTFs,0
2025-12-29 16:49:35,Slegka Ne Zamuzhem,night_club,ChIJtXSRcogPNEQRRxCvlSs3iwY,0
2025-12-29 16:49:36,Sim-Sim,bar,ChIJA8O83eYPNEQR99zp_37h8BA,0
2025-12-29 16:49:36,Tea spoon,restaurant,ChIJAdxF_SkQNEQRVpGKVrKMY2U,0
2025-12-29 16:49:37,M-Klub,bar,ChIJBWEhAyoQNEQR0_k-KwKfRsE,0
2025-12-29 16:49:38,Vkusnoochen',cafe,ChIJXc4MuSsQNEQR7dNGzoe3veI,0
2025-12-29 16:49:38,Рюмочная N° 1,cafe,ChIJH09FDNYPNEQRJonBYtKcOx8,0
2025-12-29 16:49:39,White Rabbit,restaurant,ChIJUUuUHikQNEQRs2uwXA0V0io,1
2025-12-29 16:49:39,Yunost',cafe,ChIJWcLovNoPNEQRAxzl61h9Mvg,0
2025-12-29 16:49:40,Lavka Moroshka,cafe,ChIJ66WGqNcPNEQR4OP6JvHuWMI,0
2025-12-29 16:49:40,Yunost',cafe,ChIJaSRcRBFShUQRTSWXRNJaPEE,0
2025-12-29 16:49:41,Shtolle,cafe,ChIJlceuURVShUQREIM-nzI3Y-s,0
2025-12-29 16:49:41,"Тундра, Grill & Bar",bar,ChIJT8zUHCcQNEQROOKYAUCVqvU,66
2025-12-29 16:49:42,Pivlyandiya,bar,ChIJB3pwnS0QNEQR4vTr5yb8X94,0
2025-12-29 16:49:42,Gray Goose,bar,ChIJPW7avdAPNEQRvsTcnwNdwV4,0
2025-12-29 16:49:43,Briz,cafe,ChIJt8Z1tTIQNEQR47kkDKisP3E,0
2025-12-29 16:49:43,Murmansk Regional Children and Youth Library,library,ChIJp-5hgCgQNEQRPO5M0RHOih8,0
2025-12-29 16:49:44,Tezey,book_store,ChIJl5lLnK0RNEQRmy-Jt_S2uAQ,0
2025-12-29 16:49:44,Marusya,book_store,ChIJZ5fmdS4QNEQRVYLagCHEWgE,0
2025-12-29 16:49:45,Internet Bookshop Labyrinth,book_store,ChIJHzbzCNcPNEQR3hBVf1H5XPY,0
2025-12-29 16:49:45,Irrion,book_store,ChIJL7qxbcIPNEQRQKqXR-WE2DA,0
2025-12-29 16:49:46,Knizhnyy Magazin Globus,book_store,ChIJi1sx2tAPNEQR7Ce64vCQ9w8,0
2025-12-29 16:49:46,Bookvoed,book_store,ChIJWaf1zNoPNEQRY0KW1R5hsmc,0
2025-12-29 16:49:47,Book world,book_store,ChIJhbNiKcMPNEQRQW5o4jiE6hY,0
2025-12-29 16:49:47,Knigi,book_store,ChIJ2_kVURBThUQR9-Wl4w8JVSw,0
2025-12-29 16:49:48,Bookvoed,book_store,ChIJyStXJX4FNEQRn6RUhno4xuw,0
2025-12-29 16:49:48,Book World,book_store,ChIJA8O83eYPNEQRLm645c7MHww,0
2025-12-29 16:49:49,Serenity Сomiсs,book_store,ChIJUVptwGwPNEQR7zepmPeQsSE,0
2025-12-29 16:49:49,"Mbuk ""Vystavochnyy Zal G. Murmanska""",art_gallery,ChIJq_YFlS0QNEQRw1pihYjTQhs,0
2025-12-29 16:49:50,Naval Museum of the Northern Fleet,museum,ChIJA8O83eYPNEQRQmp6Rphk1fE,0
2025-12-29 16:49:50,Muzey Istorii Murmanskogo Morskogo Torgovogo Porta,museum,ChIJj4iwvtQRNEQR7cgon0Ck7DE,0
2025-12-29 16:49:51,Murmanskiy Oblastnoy Krayevedcheskiy Muzey,museum,ChIJA8O83eYPNEQRmjin2JkQwo4,0
2025-12-29 16:49:51,Murmanskiy Oblastnoy Khudozhestvennyy Muzey,museum,ChIJA8O83eYPNEQR9tycynax4oM,0
2025-12-29 16:49:52,"Muzey Zanimatel'nykh Nauk ""Fokus""",museum,ChIJAZh5jCgQNEQR2YFM5-mDwhc,0
2025-12-29 16:49:52,Murmanskiy Oblastnoy Krayevedcheskiy Muzey,museum,ChIJ8ZZPxi4QNEQRP2MYfHv2zs4,0
2025-12-29 16:49:53,Lenin,museum,ChIJeU8UJNURNEQR28Gq7izw4Zk,0
2025-12-29 16:49:53,Dom Remesel Murmanskogo Oblastnogo Khudozhestvennogo Muzeya,museum,ChIJuz8PLtoPNEQRwn-36LV7jQk,0
2025-12-29 16:49:54,Muzey Boyevoy Slavy,museum,ChIJX5riU0BShUQRs5XAVSrjOQA,0
2025-12-29 16:49:54,Abram Mys,museum,ChIJZ4YShsQPNEQR96W2PDJqhhY,0
2025-12-29 16:49:55,Ametist,shopping_mall,ChIJ_xdsvtAPNEQRjZ4UtM1aPu0,0
2025-12-29 16:49:55,Germes,shopping_mall,ChIJA8O83eYPNEQRBWRMmzn_EQs,0
2025-12-29 16:49:56,Mirazh,shopping_mall,ChIJA8O83eYPNEQRkRxlznWmm54,0
2025-12-29 16:49:56,Tsentral'nyy,shopping_mall,ChIJA8O83eYPNEQRX2A1PXheKPc,0
2025-12-29 16:49:57,Dom Torgovli,shopping_mall,ChIJ6TiBdCkQNEQRNNRGBPIWV0E,0
2025-12-29 16:49:57,Liga,shopping_mall,ChIJc__ETMMPNEQRb0-2UBVZNBQ,0
2025-12-29 16:49:58,Yelan,shopping_mall,ChIJJ3RDkvIPNEQRYJ6TvTyhTqw,0
2025-12-29 16:49:58,Elektron,shopping_mall,ChIJdYPIVNsPNEQRnrCmwF-28Mk,0
2025-12-29 16:49:59,Yavr,shopping_mall,ChIJj85MIyoQNEQRc_qAcwaUxVc,0
2025-12-29 16:50:00,Arbat,shopping_mall,ChIJCXWCcdYPNEQRT1A1pJRuYis,0
2025-12-29 16:50:00,Pioner,shopping_mall,ChIJf7PiFBFShUQReW-_q6obK_E,0
2025-12-29 16:50:00,Zabota,shopping_mall,ChIJLyJcERFShUQRQkfUyvzE-DA,0
2025-12-29 16:50:01,Alina,shopping_mall,ChIJ6V8YQBFShUQRDUkb3qu-Kio,0
2025-12-29 16:50:01,Sokol,shopping_mall,ChIJf0H5_w9ShUQRLwpmNb20Dl0,0
2025-12-29 16:50:02,"HI,POOH",shopping_mall,ChIJAdKFydoPNEQRtdCur16lip0,0
2025-12-29 16:50:02,Shou-Tekhnologii,shopping_mall,ChIJJRtIz9APNEQRMu-6XcyAFIk,0
2025-12-29 16:50:03,Kruzhka,restaurant,ChIJA8O83eYPNEQRJqoNvwiLFJo,0
2025-12-29 16:50:03,Sushi-Bar Kay,restaurant,ChIJA8O83eYPNEQRbMOcoEwLYvY,0
2025-12-29 16:50:04,Praga,restaurant,ChIJA8O83eYPNEQRd9em-H5ZAyU,0
2025-12-29 16:50:04,Katran Trade,restaurant,ChIJA8O83eYPNEQR7PnwZk7UP6U,0
2025-12-29 16:50:05,Stopka,bar,ChIJA8O83eYPNEQR9G-9fHngD6k,0
2025-12-29 16:50:05,Russkiye Bliny,restaurant,ChIJA8O83eYPNEQR5ZDBuiiDILA,0
2025-12-29 16:50:06,Arktika,restaurant,ChIJd3NMhykQNEQRgPXnJVtRB3Q,0
2025-12-29 16:50:06,Terrasa,restaurant,ChIJTyYZFRRShUQR87Y3VhUUwJY,100
2025-12-29 16:50:07,Cherchill',bar,ChIJIx79iNYPNEQRutPvURV0w1M,0
2025-12-29 16:50:07,Northern Bakeries,restaurant,ChIJX61JUBBShUQRdNeoB9Yi8Uw,0
2025-12-29 16:50:08,Fortuna,restaurant,ChIJe84eAEBShUQRGhpSSEwi9pw,0
2025-12-29 16:50:08,Amigos bar&grill,bar,ChIJPwwsfi4QNEQRwTBcV2klkQU,0
2025-12-29 16:50:09,Alyosha,food_court,ChIJJXT5_sgRNEQRO2Rv3tIP-50,0
2025-12-29 16:50:09,"Otel' ""Ogni Murmanska""",park,ChIJ6RJdvl4FNEQRSUxlWLHbXfw,0
2025-12-29 16:50:10,Discovery,food_court,ChIJWxyfwYEFNEQReaEctK3AWZg,0
2025-12-29 16:50:10,Black Belt Hotel (Hostel),food_court,ChIJfVLBwSMQNEQRQ8jTQtz1kzE,0
2025-12-29 16:50:11,Kongress-Otel' Meridian,food_court,ChIJd5GpHCoQNEQRahI6sNSq3aw,0
2025-12-29 16:50:11,"Cosmos Murmansk Hotel, a member of Radisson Individuals",food_court,ChIJdyefSdgPNEQR5qPr5yQAjVw,0
2025-12-29 16:50:12,Nord Star Ski Complex / Recreation,food_court,ChIJA8O83eYPNEQRediegJRpa-I,0
2025-12-29 16:50:12,Yunost' Zapolyar'ya,food_court,ChIJs7KHLvEPNEQR3rxedaFK69g,0
2025-12-29 16:50:13,Hostel Prichal,food_court,ChIJay17680PNEQRCqnwj7q0Ycw,0
2025-12-29 16:50:13,Фьорд,food_court,ChIJuyJoZqARNEQRn8CCMmL6OCI,0
2025-12-29 16:50:14,Tri Zaytsa,food_court,ChIJIdejaC0QNEQROJqcXRK6-ec,0
2025-12-29 16:50:14,AZIMUT Hotel Murmansk,food_court,ChIJA8O83eYPNEQRCX-bFId7vVU,0
2025-12-29 16:50:15,Rooms & Breakfast,food_court,ChIJbTqsadgPNEQRNGOcTG0GdIo,0
2025-12-29 16:50:15,"Murmansk, Skver",park,ChIJDSk4MioQNEQRGPUTbBPp04I,0
2025-12-29 16:50:16,Ryabinovaya Alleya,park,ChIJI8uTddgPNEQR1J1mBDzrBBw,0
2025-12-29 16:50:16,"""Domiki U Foruma""",park,ChIJz-RCABVOhUQRc8aREPRb79E,0
2025-12-29 16:50:17,Ploshchad' Pyat' Uglov,park,ChIJvyFLjykQNEQRZo7vAVL49d8,0
2025-12-29 16:50:17,Park Zhertv Interventsii,park,ChIJb70c0isQNEQRzGhi5IBn3BE,0
2025-12-29 16:50:18,"Pamyatnik Rybakam I Korablyam, Pogibshim Pri Zashchite Sovetskogo Zapolyar'ya V Gody Velikoy Otechestvennoy Voyny.",park,ChIJ2QbYKdQPNEQRM_54zSJf55Y,0
2025-12-29 16:50:18,Skver U Morskogo Vokzala,park,ChIJAyH4R7ARNEQRvEBxD73GIDY,0
2025-12-29 16:50:19,Skver Vlyublennykh,park,ChIJ7fskjIgRNEQR8O4t5s5sNbk,0
2025-12-29 16:50:20,Park,park,ChIJcxqPpdAPNEQRd6mXHm_t9FA,0
2025-12-29 16:50:20,Park,park,ChIJdbTmitoPNEQRyzPXAxhQX9U,0
2025-12-29 16:50:21,Breakout-quests in reality,movie_theater,ChIJq6pubdYPNEQR6_Dd4xlzt-Q,0
2025-12-29 16:50:21,Murmansk,movie_theater,ChIJL2HfT9gPNEQR8PQ3NT5oMzg,0
2025-12-29 16:50:22,Severnoye Siyaniye,movie_theater,ChIJN_l8sNoPNEQR4dZCGdjWn3w,0
2025-12-29 16:50:22,Mirage Cinema,movie_theater,ChIJUzWpJX4FNEQRrj2-F5lI9P4,0
2025-12-29 16:50:23,Severnoye Nagornoye,movie_theater,ChIJ67D5EEFOhUQR2ZOT0bqcRXQ,93
2025-12-29 16:50:23,Kronverk Cinema Forum,movie_theater,ChIJjVLe7OYPNEQR_ntQmglofzM,0
2025-12-29 16:50:24,Avrora,movie_theater,ChIJ_ZapuQoRNEQR9pDiisujyv0,0
2025-12-29 16:50:24,Lyumen Galaktika,movie_theater,ChIJgaNpACAQNEQRV9WhgBVrBdA,0
2025-12-29 16:50:25,Milan,bar,ChIJA8O83eYPNEQRxdsKxICqKHw,0
2025-12-29 16:50:25,Pivnaya Karta,bar,ChIJlaFuABRShUQRpfsrOSSgk50,0
2025-12-29 16:50:26,Pin-up,bar,ChIJT-OoBhFShUQR3iVjaXIO4yQ,0
2025-12-29 16:50:27,Lit.ra,bar,ChIJKdSmmicQNEQRm58MKdFYnmw,0
2025-12-29 16:50:27,NORTH BEAR Lounge,bar,ChIJRaIW-C4QNEQRmhMQSs6nKXs,0
2025-12-29 16:50:27,Cherdak,bar,ChIJOzbynScQNEQRxvfZ0KOTtjQ,0
2025-12-29 16:50:28,Pivnaya Karta,bar,ChIJQT9NBRBShUQRc-qlUBW3lmM,0
2025-12-29 16:50:28,Ironiya Sud'by,night_club,ChIJg9moRRVShUQROpCkBAe6ojA,0
2025-12-29 16:50:29,"""Chicago""",bar,ChIJAcLiF9EPNEQRj1syIZWkAhE,0
2025-12-29 16:50:29,Gogol',night_club,ChIJfdMLQSYQNEQRPO_G5VOSZMg,0
2025-12-29 16:50:30,Hookah # 1916,night_club,ChIJqbyqBtEPNEQRfd7puDxygV4,0
2025-12-29 16:50:30,Shury-Mury,night_club,ChIJ-789BQFShUQRCpHO1xhcToM,0
2025-12-29 16:50:31,Kommunalka,night_club,ChIJlwOHGYQFNEQRPrII6iHmqEQ,0
2025-12-29 16:50:31,Ledokol,night_club,ChIJA8O83eYPNEQRDwIjfkptGKo,0
2025-12-29 16:50:32,OKEAN Hall,night_club,ChIJ4wI3BTURNEQRn3qwJf-x8Gc,0
2025-12-29 16:50:32,ZALL CLUB & concert hall,night_club,ChIJl9_qM6IPNEQRm_QHNhVE6kU,0
2025-12-29 16:50:33,"GOOD Night, Rooms & Hostel",night_club,ChIJP0WikRQPNEQRa-fOwDqHksg,0
2025-12-29 16:50:33,Енотополис,night_club,ChIJwWg6mXYRNEQROuHfEBIfq10,0
2025-12-29 16:50:34,Zажигалка,night_club,ChIJr-lBWRcRNEQRf90aizHXu4E,0
2025-12-29 16:50:34,"Banketnyy Zal ""Otdykh Kholl""",night_club,ChIJf4HsqCMQNEQRKwGLJKcbkLs,0
2025-12-29 16:50:35,Sauna Berloga,night_club,ChIJBzc_y0UQNEQRO2ZS7blu3tA,0
2025-12-29 16:50:35,"Garin, dj bar",night_club,ChIJWf3BL7sRNEQRprlb-kJZSsI,0
2025-12-29 16:50:36,Kruzhka,night_club,ChIJgXNkcogPNEQReytBCr9yQnc,0
2025-12-29 16:50:36,Noch',night_club,ChIJJ7NHNpEFNEQRpbegxcPA668,0
2025-12-29 16:50:37,Sfera,bowling_alley,ChIJA8O83eYPNEQRbiGVeXnNfh0,0
2025-12-29 16:50:37,Our planet,gym,ChIJA8O83eYPNEQRW4Jv7jdiRQY,0
2025-12-29 16:50:38,Omega fitness,gym,ChIJA8O83eYPNEQRs3QgGI9smKE,0
2025-12-29 16:50:38,"Olimpiya, Sportivnyy Tsentr",gym,ChIJA8O83eYPNEQRX5cDvwmT8iQ,0
2025-12-29 16:50:39,Yoga Studio Jaya,gym,ChIJH2MtKS8QNEQRao9vAMosRYU,0
2025-12-29 16:50:39,Nord Gym,gym,ChIJWaYlJiYQNEQRxFFkOqOSJ68,0
2025-12-29 16:50:40,Akvafitnes,gym,ChIJRdIeQUBShUQRjGIbXXadFg0,0
2025-12-29 16:50:40,Elit Fitnes,gym,ChIJ82sd_yYQNEQRmbdQ2XG1znk,0
2025-12-29 16:50:41,Yogin,gym,ChIJ-9xl2i8QNEQRTAN0vSKNzFs,0
2025-12-29 16:50:41,Tsentr Effektivnoy Fizkul'tury,gym,ChIJ7TI-LtoPNEQRKBdqCOybftc,0
2025-12-29 16:50:42,Shkola Zdorov'ya,gym,ChIJC-IK_94PNEQR6__cPUsFwnc,0
2025-12-29 16:50:42,S-Terminal,gym,ChIJscBuAERShUQRNwZ6oETZmuo,0
2025-12-29 16:50:43,Kinezis,gym,ChIJ5zR3NugPNEQRwHcW-rXB-wk,0
2025-12-29 16:50:43,Murmanskiy Legkoatleticheskiy Manezh,gym,ChIJVbj9CvEPNEQRg5u3_5OT-uo,0
2025-12-29 16:50:44,ФИТНЕС МАСТЕР Ленинский,gym,ChIJT977GKwRNEQRvSbEMQMdpNY,0
2025-12-29 16:50:44,Murmansk,transit_station,ChIJd7deRBRShUQRfmXdofmwWsA,0
2025-12-29 16:50:45,"Murmansk, Zheleznodorozhnaya Stantsiya Murmanskogo Tsentra Organizatsii Raboty Zheleznodorozhnykh S",transit_station,ChIJDeKATtMRNEQREVtD75Wwkfc,0
2025-12-29 16:50:45,Kola,transit_station,ChIJDxInCvUFNEQRrK6ENZC7g6Q,0
2025-12-29 16:50:46,Murmansk Commercial Seaport,transit_station,ChIJA8O83eYPNEQRv_114miQiso,0
2025-12-29 16:50:46,Avtovokzal,transit_station,ChIJA8O83eYPNEQR8KpHrOHe6eM,0
2025-12-29 16:50:47,Marine Station,transit_station,ChIJDeKATtMRNEQRITjHNc2fP0c,0
2025-12-29 16:50:47,Morvokzal,transit_station,ChIJx6dFxdQRNEQRqXimE3wsIeI,0
2025-12-29 17:46:47,Chinar,bar,ChIJA8O83eYPNEQRqDkBr66GyGA,0
2025-12-29 17:46:47,Merry Baker,cafe,ChIJA8O83eYPNEQRLOCPH-PYTFs,0
2025-12-29 17:46:48,Slegka Ne Zamuzhem,night_club,ChIJtXSRcogPNEQRRxCvlSs3iwY,0
2025-12-29 17:46:48,Sim-Sim,bar,ChIJA8O83eYPNEQR99zp_37h8BA,0
2025-12-29 17:46:49,Tea spoon,restaurant,ChIJAdxF_SkQNEQRVpGKVrKMY2U,0
2025-12-29 17:46:49,M-Klub,bar,ChIJBWEhAyoQNEQR0_k-KwKfRsE,0
2025-12-29 17:46:50,Vkusnoochen',cafe,ChIJXc4MuSsQNEQR7dNGzoe3veI,0
2025-12-29 17:46:50,Рюмочная N° 1,cafe,ChIJH09FDNYPNEQRJonBYtKcOx8,0
2025-12-29 17:46:51,White Rabbit,restaurant,ChIJUUuUHikQNEQRs2uwXA0V0io,67
2025-12-29 17:46:51,Yunost',cafe,ChIJWcLovNoPNEQRAxzl61h9Mvg,0
2025-12-29 17:46:52,Lavka Moroshka,cafe,ChIJ66WGqNcPNEQR4OP6JvHuWMI,0
2025-12-29 17:46:52,Yunost',cafe,ChIJaSRcRBFShUQRTSWXRNJaPEE,0
2025-12-29 17:46:53,Shtolle,cafe,ChIJlceuURVShUQREIM-nzI3Y-s,0
2025-12-29 17:46:54,"Тундра, Grill & Bar",bar,ChIJT8zUHCcQNEQROOKYAUCVqvU,77
2025-12-29 17:46:54,Pivlyandiya,bar,ChIJB3pwnS0QNEQR4vTr5yb8X94,0
2025-12-29 17:46:55,Gray Goose,bar,ChIJPW7avdAPNEQRvsTcnwNdwV4,0
2025-12-29 17:46:55,Briz,cafe,ChIJt8Z1tTIQNEQR47kkDKisP3E,0
2025-12-29 17:46:56,Murmansk Regional Children and Youth Library,library,ChIJp-5hgCgQNEQRPO5M0RHOih8,0
2025-12-29 17:46:56,Tezey,book_store,ChIJl5lLnK0RNEQRmy-Jt_S2uAQ,0
2025-12-29 17:46:57,Marusya,book_store,ChIJZ5fmdS4QNEQRVYLagCHEWgE,0
2025-12-29 17:46:57,Internet Bookshop Labyrinth,book_store,ChIJHzbzCNcPNEQR3hBVf1H5XPY,0
2025-12-29 17:46:58,Irrion,book_store,ChIJL7qxbcIPNEQRQKqXR-WE2DA,0
2025-12-29 17:46:58,Knizhnyy Magazin Globus,book_store,ChIJi1sx2tAPNEQR7Ce64vCQ9w8,0
2025-12-29 17:46:58,Bookvoed,book_store,ChIJWaf1zNoPNEQRY0KW1R5hsmc,0
2025-12-29 17:46:59,Book world,book_store,ChIJhbNiKcMPNEQRQW5o4jiE6hY,0
2025-12-29 17:46:59,Knigi,book_store,ChIJ2_kVURBThUQR9-Wl4w8JVSw,0
2025-12-29 17:47:00,Bookvoed,book_store,ChIJyStXJX4FNEQRn6RUhno4xuw,0
2025-12-29 17:47:01,Book World,book_store,ChIJA8O83eYPNEQRLm645c7MHww,0
2025-12-29 17:47:01,Serenity Сomiсs,book_store,ChIJUVptwGwPNEQR7zepmPeQsSE,0
2025-12-29 17:47:02,"Mbuk ""Vystavochnyy Zal G. Murmanska""",art_gallery,ChIJq_YFlS0QNEQRw1pihYjTQhs,0
2025-12-29 17:47:02,Naval Museum of the Northern Fleet,museum,ChIJA8O83eYPNEQRQmp6Rphk1fE,0
2025-12-29 17:47:03,Muzey Istorii Murmanskogo Morskogo Torgovogo Porta,museum,ChIJj4iwvtQRNEQR7cgon0Ck7DE,0
2025-12-29 17:47:04,Murmanskiy Oblastnoy Krayevedcheskiy Muzey,museum,ChIJA8O83eYPNEQRmjin2JkQwo4,0
2025-12-29 17:47:05,Murmanskiy Oblastnoy Khudozhestvennyy Muzey,museum,ChIJA8O83eYPNEQR9tycynax4oM,0
2025-12-29 17:47:05,"Muzey Zanimatel'nykh Nauk ""Fokus""",museum,ChIJAZh5jCgQNEQR2YFM5-mDwhc,0
2025-12-29 17:47:06,Murmanskiy Oblastnoy Krayevedcheskiy Muzey,museum,ChIJ8ZZPxi4QNEQRP2MYfHv2zs4,0
2025-12-29 17:47:06,Lenin,museum,ChIJeU8UJNURNEQR28Gq7izw4Zk,0
2025-12-29 17:47:07,Dom Remesel Murmanskogo Oblastnogo Khudozhestvennogo Muzeya,museum,ChIJuz8PLtoPNEQRwn-36LV7jQk,0
2025-12-29 17:47:07,Muzey Boyevoy Slavy,museum,ChIJX5riU0BShUQRs5XAVSrjOQA,0
2025-12-29 17:47:08,Abram Mys,museum,ChIJZ4YShsQPNEQR96W2PDJqhhY,0
2025-12-29 17:47:09,Ametist,shopping_mall,ChIJ_xdsvtAPNEQRjZ4UtM1aPu0,0
2025-12-29 17:47:10,Germes,shopping_mall,ChIJA8O83eYPNEQRBWRMmzn_EQs,0
2025-12-29 17:47:10,Mirazh,shopping_mall,ChIJA8O83eYPNEQRkRxlznWmm54,0
2025-12-29 17:47:12,Tsentral'nyy,shopping_mall,ChIJA8O83eYPNEQRX2A1PXheKPc,0
2025-12-29 17:47:14,Dom Torgovli,shopping_mall,ChIJ6TiBdCkQNEQRNNRGBPIWV0E,0
2025-12-29 17:47:14,Liga,shopping_mall,ChIJc__ETMMPNEQRb0-2UBVZNBQ,0
2025-12-29 17:47:15,Yelan,shopping_mall,ChIJJ3RDkvIPNEQRYJ6TvTyhTqw,0
2025-12-29 17:47:15,Elektron,shopping_mall,ChIJdYPIVNsPNEQRnrCmwF-28Mk,0
2025-12-29 17:47:16,Yavr,shopping_mall,ChIJj85MIyoQNEQRc_qAcwaUxVc,0
2025-12-29 17:47:18,Arbat,shopping_mall,ChIJCXWCcdYPNEQRT1A1pJRuYis,0
2025-12-29 17:47:18,Pioner,shopping_mall,ChIJf7PiFBFShUQReW-_q6obK_E,0
2025-12-29 17:47:19,Zabota,shopping_mall,ChIJLyJcERFShUQRQkfUyvzE-DA,0
2025-12-29 17:47:19,Alina,shopping_mall,ChIJ6V8YQBFShUQRDUkb3qu-Kio,0
2025-12-29 17:47:20,Sokol,shopping_mall,ChIJf0H5_w9ShUQRLwpmNb20Dl0,0
2025-12-29 17:47:20,"HI,POOH",shopping_mall,ChIJAdKFydoPNEQRtdCur16lip0,0
2025-12-29 17:47:21,Shou-Tekhnologii,shopping_mall,ChIJJRtIz9APNEQRMu-6XcyAFIk,0
2025-12-29 17:47:21,Kruzhka,restaurant,ChIJA8O83eYPNEQRJqoNvwiLFJo,0
2025-12-29 17:47:22,Sushi-Bar Kay,restaurant,ChIJA8O83eYPNEQRbMOcoEwLYvY,0
2025-12-29 17:47:22,Praga,restaurant,ChIJA8O83eYPNEQRd9em-H5ZAyU,0
2025-12-29 17:47:22,Katran Trade,restaurant,ChIJA8O83eYPNEQR7PnwZk7UP6U,0
2025-12-29 17:47:23,Stopka,bar,ChIJA8O83eYPNEQR9G-9fHngD6k,0
2025-12-29 17:47:23,Russkiye Bliny,restaurant,ChIJA8O83eYPNEQR5ZDBuiiDILA,0
2025-12-29 17:47:24,Arktika,restaurant,ChIJd3NMhykQNEQRgPXnJVtRB3Q,0
2025-12-29 17:47:25,Terrasa,restaurant,ChIJTyYZFRRShUQR87Y3VhUUwJY,100
2025-12-29 17:47:25,Cherchill',bar,ChIJIx79iNYPNEQRutPvURV0w1M,0
2025-12-29 17:47:25,Northern Bakeries,restaurant,ChIJX61JUBBShUQRdNeoB9Yi8Uw,0
2025-12-29 17:47:26,Fortuna,restaurant,ChIJe84eAEBShUQRGhpSSEwi9pw,0
2025-12-29 17:47:26,Amigos bar&grill,bar,ChIJPwwsfi4QNEQRwTBcV2klkQU,0
2025-12-29 17:47:27,Alyosha,food_court,ChIJJXT5_sgRNEQRO2Rv3tIP-50,0
2025-12-29 17:47:27,"Otel' ""Ogni Murmanska""",park,ChIJ6RJdvl4FNEQRSUxlWLHbXfw,0
2025-12-29 17:47:28,Discovery,food_court,ChIJWxyfwYEFNEQReaEctK3AWZg,0
2025-12-29 17:47:28,Black Belt Hotel (Hostel),food_court,ChIJfVLBwSMQNEQRQ8jTQtz1kzE,0
2025-12-29 17:47:29,Kongress-Otel' Meridian,food_court,ChIJd5GpHCoQNEQRahI6sNSq3aw,0
2025-12-29 17:47:30,"Cosmos Murmansk Hotel, a member of Radisson Individuals",food_court,ChIJdyefSdgPNEQR5qPr5yQAjVw,0
2025-12-29 17:47:30,Nord Star Ski Complex / Recreation,food_court,ChIJA8O83eYPNEQRediegJRpa-I,0
2025-12-29 17:47:31,Yunost' Zapolyar'ya,food_court,ChIJs7KHLvEPNEQR3rxedaFK69g,0
2025-12-29 17:47:32,Hostel Prichal,food_court,ChIJay17680PNEQRCqnwj7q0Ycw,0
2025-12-29 17:47:33,Фьорд,food_court,ChIJuyJoZqARNEQRn8CCMmL6OCI,0
2025-12-29 17:47:33,Tri Zaytsa,food_court,ChIJIdejaC0QNEQROJqcXRK6-ec,0
2025-12-29 17:47:34,AZIMUT Hotel Murmansk,food_court,ChIJA8O83eYPNEQRCX-bFId7vVU,0
2025-12-29 17:47:34,Rooms & Breakfast,food_court,ChIJbTqsadgPNEQRNGOcTG0GdIo,0
2025-12-29 17:47:35,"Murmansk, Skver",park,ChIJDSk4MioQNEQRGPUTbBPp04I,0
2025-12-29 17:47:35,Ryabinovaya Alleya,park,ChIJI8uTddgPNEQR1J1mBDzrBBw,0
2025-12-29 17:47:36,"""Domiki U Foruma""",park,ChIJz-RCABVOhUQRc8aREPRb79E,0
2025-12-29 17:47:37,Ploshchad' Pyat' Uglov,park,ChIJvyFLjykQNEQRZo7vAVL49d8,0
2025-12-29 17:47:38,Park Zhertv Interventsii,park,ChIJb70c0isQNEQRzGhi5IBn3BE,0
2025-12-29 17:47:38,"Pamyatnik Rybakam I Korablyam, Pogibshim Pri Zashchite Sovetskogo Zapolyar'ya V Gody Velikoy Otechestvennoy Voyny.",park,ChIJ2QbYKdQPNEQRM_54zSJf55Y,0
2025-12-29 17:47:39,Skver U Morskogo Vokzala,park,ChIJAyH4R7ARNEQRvEBxD73GIDY,0
2025-12-29 17:47:39,Skver Vlyublennykh,park,ChIJ7fskjIgRNEQR8O4t5s5sNbk,0
2025-12-29 17:47:40,Park,park,ChIJcxqPpdAPNEQRd6mXHm_t9FA,0
2025-12-29 17:47:40,Park,park,ChIJdbTmitoPNEQRyzPXAxhQX9U,0
2025-12-29 17:47:41,Breakout-quests in reality,movie_theater,ChIJq6pubdYPNEQR6_Dd4xlzt-Q,0
2025-12-29 17:47:41,Murmansk,movie_theater,ChIJL2HfT9gPNEQR8PQ3NT5oMzg,0
2025-12-29 17:47:42,Severnoye Siyaniye,movie_theater,ChIJN_l8sNoPNEQR4dZCGdjWn3w,0
2025-12-29 17:47:42,Mirage Cinema,movie_theater,ChIJUzWpJX4FNEQRrj2-F5lI9P4,0
2025-12-29 17:47:43,Severnoye Nagornoye,movie_theater,ChIJ67D5EEFOhUQR2ZOT0bqcRXQ,92
2025-12-29 17:47:44,Kronverk Cinema Forum,movie_theater,ChIJjVLe7OYPNEQR_ntQmglofzM,0
2025-12-29 17:47:44,Avrora,movie_theater,ChIJ_ZapuQoRNEQR9pDiisujyv0,0
2025-12-29 17:47:45,Lyumen Galaktika,movie_theater,ChIJgaNpACAQNEQRV9WhgBVrBdA,0
2025-12-29 17:47:45,Milan,bar,ChIJA8O83eYPNEQRxdsKxICqKHw,0
2025-12-29 17:47:46,Pivnaya Karta,bar,ChIJlaFuABRShUQRpfsrOSSgk50,0
2025-12-29 17:47:46,Pin-up,bar,ChIJT-OoBhFShUQR3iVjaXIO4yQ,0
2025-12-29 17:47:47,Lit.ra,bar,ChIJKdSmmicQNEQRm58MKdFYnmw,0
2025-12-29 17:47:47,NORTH BEAR Lounge,bar,ChIJRaIW-C4QNEQRmhMQSs6nKXs,0
2025-12-29 17:47:49,Cherdak,bar,ChIJOzbynScQNEQRxvfZ0KOTtjQ,0
2025-12-29 17:47:49,Pivnaya Karta,bar,ChIJQT9NBRBShUQRc-qlUBW3lmM,0
2025-12-29 17:47:50,Ironiya Sud'by,night_club,ChIJg9moRRVShUQROpCkBAe6ojA,0
2025-12-29 17:47:50,"""Chicago""",bar,ChIJAcLiF9EPNEQRj1syIZWkAhE,0
2025-12-29 17:47:51,Gogol',night_club,ChIJfdMLQSYQNEQRPO_G5VOSZMg,0
2025-12-29 17:47:51,Hookah # 1916,night_club,ChIJqbyqBtEPNEQRfd7puDxygV4,0
2025-12-29 17:47:52,Shury-Mury,night_club,ChIJ-789BQFShUQRCpHO1xhcToM,0
2025-12-29 17:47:53,Kommunalka,night_club,ChIJlwOHGYQFNEQRPrII6iHmqEQ,0
2025-12-29 17:47:53,Ledokol,night_club,ChIJA8O83eYPNEQRDwIjfkptGKo,0
2025-12-29 17:47:53,OKEAN Hall,night_club,ChIJ4wI3BTURNEQRn3qwJf-x8Gc,0
2025-12-29 17:47:54,ZALL CLUB & concert hall,night_club,ChIJl9_qM6IPNEQRm_QHNhVE6kU,0
2025-12-29 17:47:55,"GOOD Night, Rooms & Hostel",night_club,ChIJP0WikRQPNEQRa-fOwDqHksg,0
2025-12-29 17:47:56,Енотополис,night_club,ChIJwWg6mXYRNEQROuHfEBIfq10,0
2025-12-29 17:47:57,Zажигалка,night_club,ChIJr-lBWRcRNEQRf90aizHXu4E,0
2025-12-29 17:47:57,"Banketnyy Zal ""Otdykh Kholl""",night_club,ChIJf4HsqCMQNEQRKwGLJKcbkLs,0
2025-12-29 17:47:58,Sauna Berloga,night_club,ChIJBzc_y0UQNEQRO2ZS7blu3tA,0
2025-12-29 17:47:58,"Garin, dj bar",night_club,ChIJWf3BL7sRNEQRprlb-kJZSsI,0
2025-12-29 17:47:59,Kruzhka,night_club,ChIJgXNkcogPNEQReytBCr9yQnc,0
2025-12-29 17:47:59,Noch',night_club,ChIJJ7NHNpEFNEQRpbegxcPA668,0
2025-12-29 17:48:00,Sfera,bowling_alley,ChIJA8O83eYPNEQRbiGVeXnNfh0,0
2025-12-29 17:48:01,Our planet,gym,ChIJA8O83eYPNEQRW4Jv7jdiRQY,0
2025-12-29 17:48:01,Omega fitness,gym,ChIJA8O83eYPNEQRs3QgGI9smKE,0
2025-12-29 17:48:02,"Olimpiya, Sportivnyy Tsentr",gym,ChIJA8O83eYPNEQRX5cDvwmT8iQ,0
2025-12-29 17:48:02,Yoga Studio Jaya,gym,ChIJH2MtKS8QNEQRao9vAMosRYU,0
2025-12-29 17:48:03,Nord Gym,gym,ChIJWaYlJiYQNEQRxFFkOqOSJ68,0
2025-12-29 17:48:03,Akvafitnes,gym,ChIJRdIeQUBShUQRjGIbXXadFg0,0
2025-12-29 17:48:04,Elit Fitnes,gym,ChIJ82sd_yYQNEQRmbdQ2XG1znk,0
2025-12-29 17:48:04,Yogin,gym,ChIJ-9xl2i8QNEQRTAN0vSKNzFs,0
2025-12-29 17:48:05,Tsentr Effektivnoy Fizkul'tury,gym,ChIJ7TI-LtoPNEQRKBdqCOybftc,0
2025-12-29 17:48:06,Shkola Zdorov'ya,gym,ChIJC-IK_94PNEQR6__cPUsFwnc,0
2025-12-29 17:48:07,S-Terminal,gym,ChIJscBuAERShUQRNwZ6oETZmuo,0
2025-12-29 17:48:07,Kinezis,gym,ChIJ5zR3NugPNEQRwHcW-rXB-wk,0
2025-12-29 17:48:08,Murmanskiy Legkoatleticheskiy Manezh,gym,ChIJVbj9CvEPNEQRg5u3_5OT-uo,0
2025-12-29 17:48:08,ФИТНЕС МАСТЕР Ленинский,gym,ChIJT977GKwRNEQRvSbEMQMdpNY,0
2025-12-29 17:48:09,Murmansk,transit_station,ChIJd7deRBRShUQRfmXdofmwWsA,0
2025-12-29 17:48:10,"Murmansk, Zheleznodorozhnaya Stantsiya Murmanskogo Tsentra Organizatsii Raboty Zheleznodorozhnykh S",transit_station,ChIJDeKATtMRNEQREVtD75Wwkfc,0
2025-12-29 17:48:11,Kola,transit_station,ChIJDxInCvUFNEQRrK6ENZC7g6Q,0
2025-12-29 17:48:11,Murmansk Commercial Seaport,transit_station,ChIJA8O83eYPNEQRv_114miQiso,0
2025-12-29 17:48:12,Avtovokzal,transit_station,ChIJA8O83eYPNEQR8KpHrOHe6eM,0
2025-12-29 17:48:12,Marine Station,transit_station,ChIJDeKATtMRNEQRITjHNc2fP0c,0
2025-12-29 17:48:13,Morvokzal,transit_station,ChIJx6dFxdQRNEQRqXimE3wsIeI,0
2025-12-29 18:41:13,Chinar,bar,ChIJA8O83eYPNEQRqDkBr66GyGA,0
2025-12-29 18:41:14,Merry Baker,cafe,ChIJA8O83eYPNEQRLOCPH-PYTFs,0
2025-12-29 18:41:14,Slegka Ne Zamuzhem,night_club,ChIJtXSRcogPNEQRRxCvlSs3iwY,0
2025-12-29 18:41:15,Sim-Sim,bar,ChIJA8O83eYPNEQR99zp_37h8BA,0
2025-12-29 18:41:15,Tea spoon,restaurant,ChIJAdxF_SkQNEQRVpGKVrKMY2U,0
2025-12-29 18:41:16,M-Klub,bar,ChIJBWEhAyoQNEQR0_k-KwKfRsE,0
2025-12-29 18:41:17,Vkusnoochen',cafe,ChIJXc4MuSsQNEQR7dNGzoe3veI,0
2025-12-29 18:41:17,Рюмочная N° 1,cafe,ChIJH09FDNYPNEQRJonBYtKcOx8,0
2025-12-29 18:41:18,White Rabbit,restaurant,ChIJUUuUHikQNEQRs2uwXA0V0io,54
2025-12-29 18:41:19,Yunost',cafe,ChIJWcLovNoPNEQRAxzl61h9Mvg,0
2025-12-29 18:41:19,Lavka Moroshka,cafe,ChIJ66WGqNcPNEQR4OP6JvHuWMI,0
2025-12-29 18:41:20,Yunost',cafe,ChIJaSRcRBFShUQRTSWXRNJaPEE,0
2025-12-29 18:41:20,Shtolle,cafe,ChIJlceuURVShUQREIM-nzI3Y-s,0
2025-12-29 18:41:21,"Тундра, Grill & Bar",bar,ChIJT8zUHCcQNEQROOKYAUCVqvU,72
2025-12-29 18:41:22,Pivlyandiya,bar,ChIJB3pwnS0QNEQR4vTr5yb8X94,0
2025-12-29 18:41:22,Gray Goose,bar,ChIJPW7avdAPNEQRvsTcnwNdwV4,0
2025-12-29 18:41:23,Briz,cafe,ChIJt8Z1tTIQNEQR47kkDKisP3E,0
2025-12-29 18:41:24,Murmansk Regional Children and Youth Library,library,ChIJp-5hgCgQNEQRPO5M0RHOih8,0
2025-12-29 18:41:24,Tezey,book_store,ChIJl5lLnK0RNEQRmy-Jt_S2uAQ,0
2025-12-29 18:41:25,Marusya,book_store,ChIJZ5fmdS4QNEQRVYLagCHEWgE,0
2025-12-29 18:41:25,Internet Bookshop Labyrinth,book_store,ChIJHzbzCNcPNEQR3hBVf1H5XPY,0
2025-12-29 18:41:26,Irrion,book_store,ChIJL7qxbcIPNEQRQKqXR-WE2DA,0
2025-12-29 18:41:27,Knizhnyy Magazin Globus,book_store,ChIJi1sx2tAPNEQR7Ce64vCQ9w8,0
2025-12-29 18:41:27,Bookvoed,book_store,ChIJWaf1zNoPNEQRY0KW1R5hsmc,0
2025-12-29 18:41:28,Book world,book_store,ChIJhbNiKcMPNEQRQW5o4jiE6hY,0
2025-12-29 18:41:28,Knigi,book_store,ChIJ2_kVURBThUQR9-Wl4w8JVSw,0
2025-12-29 18:41:29,Bookvoed,book_store,ChIJyStXJX4FNEQRn6RUhno4xuw,0
2025-12-29 18:41:30,Book World,book_store,ChIJA8O83eYPNEQRLm645c7MHww,0
2025-12-29 18:41:30,Serenity Сomiсs,book_store,ChIJUVptwGwPNEQR7zepmPeQsSE,0
2025-12-29 18:41:31,"Mbuk ""Vystavochnyy Zal G. Murmanska""",art_gallery,ChIJq_YFlS0QNEQRw1pihYjTQhs,0
2025-12-29 18:41:31,Naval Museum of the Northern Fleet,museum,ChIJA8O83eYPNEQRQmp6Rphk1fE,0
2025-12-29 18:41:32,Muzey Istorii Murmanskogo Morskogo Torgovogo Porta,museum,ChIJj4iwvtQRNEQR7cgon0Ck7DE,0
2025-12-29 18:41:33,Murmanskiy Oblastnoy Krayevedcheskiy Muzey,museum,ChIJA8O83eYPNEQRmjin2JkQwo4,0
2025-12-29 18:41:33,Murmanskiy Oblastnoy Khudozhestvennyy Muzey,museum,ChIJA8O83eYPNEQR9tycynax4oM,0
2025-12-29 18:41:34,"Muzey Zanimatel'nykh Nauk ""Fokus""",museum,ChIJAZh5jCgQNEQR2YFM5-mDwhc,0
2025-12-29 18:41:34,Murmanskiy Oblastnoy Krayevedcheskiy Muzey,museum,ChIJ8ZZPxi4QNEQRP2MYfHv2zs4,0
2025-12-29 18:41:35,Lenin,museum,ChIJeU8UJNURNEQR28Gq7izw4Zk,0
2025-12-29 18:41:36,Dom Remesel Murmanskogo Oblastnogo Khudozhestvennogo Muzeya,museum,ChIJuz8PLtoPNEQRwn-36LV7jQk,0
2025-12-29 18:41:36,Muzey Boyevoy Slavy,museum,ChIJX5riU0BShUQRs5XAVSrjOQA,0
2025-12-29 18:41:37,Abram Mys,museum,ChIJZ4YShsQPNEQR96W2PDJqhhY,0
2025-12-29 18:41:37,Ametist,shopping_mall,ChIJ_xdsvtAPNEQRjZ4UtM1aPu0,0
2025-12-29 18:41:38,Germes,shopping_mall,ChIJA8O83eYPNEQRBWRMmzn_EQs,0
2025-12-29 18:41:38,Mirazh,shopping_mall,ChIJA8O83eYPNEQRkRxlznWmm54,0
2025-12-29 18:41:39,Tsentral'nyy,shopping_mall,ChIJA8O83eYPNEQRX2A1PXheKPc,0
2025-12-29 18:41:40,Dom Torgovli,shopping_mall,ChIJ6TiBdCkQNEQRNNRGBPIWV0E,0
2025-12-29 18:41:40,Liga,shopping_mall,ChIJc__ETMMPNEQRb0-2UBVZNBQ,0
2025-12-29 18:41:41,Yelan,shopping_mall,ChIJJ3RDkvIPNEQRYJ6TvTyhTqw,0
2025-12-29 18:41:41,Elektron,shopping_mall,ChIJdYPIVNsPNEQRnrCmwF-28Mk,0
2025-12-29 18:41:42,Yavr,shopping_mall,ChIJj85MIyoQNEQRc_qAcwaUxVc,0
2025-12-29 18:41:43,Arbat,shopping_mall,ChIJCXWCcdYPNEQRT1A1pJRuYis,0
2025-12-29 18:41:43,Pioner,shopping_mall,ChIJf7PiFBFShUQReW-_q6obK_E,0
2025-12-29 18:41:44,Zabota,shopping_mall,ChIJLyJcERFShUQRQkfUyvzE-DA,0
2025-12-29 18:41:44,Alina,shopping_mall,ChIJ6V8YQBFShUQRDUkb3qu-Kio,0
2025-12-29 18:41:45,Sokol,shopping_mall,ChIJf0H5_w9ShUQRLwpmNb20Dl0,0
2025-12-29 18:41:45,"HI,POOH",shopping_mall,ChIJAdKFydoPNEQRtdCur16lip0,0
2025-12-29 18:41:46,Shou-Tekhnologii,shopping_mall,ChIJJRtIz9APNEQRMu-6XcyAFIk,0
2025-12-29 18:41:47,Kruzhka,restaurant,ChIJA8O83eYPNEQRJqoNvwiLFJo,0
2025-12-29 18:41:47,Sushi-Bar Kay,restaurant,ChIJA8O83eYPNEQRbMOcoEwLYvY,0
2025-12-29 18:41:48,Praga,restaurant,ChIJA8O83eYPNEQRd9em-H5ZAyU,0
2025-12-29 18:41:48,Katran Trade,restaurant,ChIJA8O83eYPNEQR7PnwZk7UP6U,0
2025-12-29 18:41:49,Stopka,bar,ChIJA8O83eYPNEQR9G-9fHngD6k,0
2025-12-29 18:41:49,Russkiye Bliny,restaurant,ChIJA8O83eYPNEQR5ZDBuiiDILA,0
2025-12-29 18:41:50,Arktika,restaurant,ChIJd3NMhykQNEQRgPXnJVtRB3Q,0
2025-12-29 18:41:51,Terrasa,restaurant,ChIJTyYZFRRShUQR87Y3VhUUwJY,100
2025-12-29 18:41:51,Cherchill',bar,ChIJIx79iNYPNEQRutPvURV0w1M,0
2025-12-29 18:41:52,Northern Bakeries,restaurant,ChIJX61JUBBShUQRdNeoB9Yi8Uw,0
2025-12-29 18:41:52,Fortuna,restaurant,ChIJe84eAEBShUQRGhpSSEwi9pw,0
2025-12-29 18:41:53,Amigos bar&grill,bar,ChIJPwwsfi4QNEQRwTBcV2klkQU,0
2025-12-29 18:41:53,Alyosha,food_court,ChIJJXT5_sgRNEQRO2Rv3tIP-50,0
2025-12-29 18:41:54,"Otel' ""Ogni Murmanska""",park,ChIJ6RJdvl4FNEQRSUxlWLHbXfw,0
2025-12-29 18:41:55,Discovery,food_court,ChIJWxyfwYEFNEQReaEctK3AWZg,0
2025-12-29 18:41:55,Black Belt Hotel (Hostel),food_court,ChIJfVLBwSMQNEQRQ8jTQtz1kzE,0
2025-12-29 18:41:56,Kongress-Otel' Meridian,food_court,ChIJd5GpHCoQNEQRahI6sNSq3aw,0
2025-12-29 18:41:56,"Cosmos Murmansk Hotel, a member of Radisson Individuals",food_court,ChIJdyefSdgPNEQR5qPr5yQAjVw,0
2025-12-29 18:41:57,Nord Star Ski Complex / Recreation,food_court,ChIJA8O83eYPNEQRediegJRpa-I,0
2025-12-29 18:41:57,Yunost' Zapolyar'ya,food_court,ChIJs7KHLvEPNEQR3rxedaFK69g,0
2025-12-29 18:41:58,Hostel Prichal,food_court,ChIJay17680PNEQRCqnwj7q0Ycw,0
2025-12-29 18:41:59,Фьорд,food_court,ChIJuyJoZqARNEQRn8CCMmL6OCI,0
2025-12-29 18:41:59,Tri Zaytsa,food_court,ChIJIdejaC0QNEQROJqcXRK6-ec,0
2025-12-29 18:42:00,AZIMUT Hotel Murmansk,food_court,ChIJA8O83eYPNEQRCX-bFId7vVU,0
2025-12-29 18:42:00,Rooms & Breakfast,food_court,ChIJbTqsadgPNEQRNGOcTG0GdIo,0
2025-12-29 18:42:01,"Murmansk, Skver",park,ChIJDSk4MioQNEQRGPUTbBPp04I,0
2025-12-29 18:42:02,Ryabinovaya Alleya,park,ChIJI8uTddgPNEQR1J1mBDzrBBw,0
2025-12-29 18:42:03,"""Domiki U Foruma""",park,ChIJz-RCABVOhUQRc8aREPRb79E,0
2025-12-29 18:42:03,Ploshchad' Pyat' Uglov,park,ChIJvyFLjykQNEQRZo7vAVL49d8,0
2025-12-29 18:42:04,Park Zhertv Interventsii,park,ChIJb70c0isQNEQRzGhi5IBn3BE,0
2025-12-29 18:42:04,"Pamyatnik Rybakam I Korablyam, Pogibshim Pri Zashchite Sovetskogo Zapolyar'ya V Gody Velikoy Otechestvennoy Voyny.",park,ChIJ2QbYKdQPNEQRM_54zSJf55Y,0
2025-12-29 18:42:05,Skver U Morskogo Vokzala,park,ChIJAyH4R7ARNEQRvEBxD73GIDY,0
2025-12-29 18:42:06,Skver Vlyublennykh,park,ChIJ7fskjIgRNEQR8O4t5s5sNbk,0
2025-12-29 18:42:06,Park,park,ChIJcxqPpdAPNEQRd6mXHm_t9FA,0
2025-12-29 18:42:07,Park,park,ChIJdbTmitoPNEQRyzPXAxhQX9U,0
2025-12-29 18:42:08,Breakout-quests in reality,movie_theater,ChIJq6pubdYPNEQR6_Dd4xlzt-Q,0
2025-12-29 18:42:08,Murmansk,movie_theater,ChIJL2HfT9gPNEQR8PQ3NT5oMzg,0
2025-12-29 18:42:09,Severnoye Siyaniye,movie_theater,ChIJN_l8sNoPNEQR4dZCGdjWn3w,0
2025-12-29 18:42:09,Mirage Cinema,movie_theater,ChIJUzWpJX4FNEQRrj2-F5lI9P4,0
2025-12-29 18:42:10,Severnoye Nagornoye,movie_theater,ChIJ67D5EEFOhUQR2ZOT0bqcRXQ,100
2025-12-29 18:42:11,Kronverk Cinema Forum,movie_theater,ChIJjVLe7OYPNEQR_ntQmglofzM,0
2025-12-29 18:42:11,Avrora,movie_theater,ChIJ_ZapuQoRNEQR9pDiisujyv0,0
2025-12-29 18:42:12,Lyumen Galaktika,movie_theater,ChIJgaNpACAQNEQRV9WhgBVrBdA,0
2025-12-29 18:42:12,Milan,bar,ChIJA8O83eYPNEQRxdsKxICqKHw,0
2025-12-29 18:42:13,Pivnaya Karta,bar,ChIJlaFuABRShUQRpfsrOSSgk50,0
2025-12-29 18:42:14,Pin-up,bar,ChIJT-OoBhFShUQR3iVjaXIO4yQ,0
2025-12-29 18:42:14,Lit.ra,bar,ChIJKdSmmicQNEQRm58MKdFYnmw,0
2025-12-29 18:42:15,NORTH BEAR Lounge,bar,ChIJRaIW-C4QNEQRmhMQSs6nKXs,0
2025-12-29 18:42:16,Cherdak,bar,ChIJOzbynScQNEQRxvfZ0KOTtjQ,0
2025-12-29 18:42:17,Pivnaya Karta,bar,ChIJQT9NBRBShUQRc-qlUBW3lmM,0
2025-12-29 18:42:17,Ironiya Sud'by,night_club,ChIJg9moRRVShUQROpCkBAe6ojA,0
2025-12-29 18:42:18,"""Chicago""",bar,ChIJAcLiF9EPNEQRj1syIZWkAhE,0
2025-12-29 18:42:18,Gogol',night_club,ChIJfdMLQSYQNEQRPO_G5VOSZMg,0
2025-12-29 18:42:19,Hookah # 1916,night_club,ChIJqbyqBtEPNEQRfd7puDxygV4,0
2025-12-29 18:42:19,Shury-Mury,night_club,ChIJ-789BQFShUQRCpHO1xhcToM,0
2025-12-29 18:42:20,Kommunalka,night_club,ChIJlwOHGYQFNEQRPrII6iHmqEQ,0
2025-12-29 18:42:21,Ledokol,night_club,ChIJA8O83eYPNEQRDwIjfkptGKo,0
2025-12-29 18:42:21,OKEAN Hall,night_club,ChIJ4wI3BTURNEQRn3qwJf-x8Gc,0
2025-12-29 18:42:22,ZALL CLUB & concert hall,night_club,ChIJl9_qM6IPNEQRm_QHNhVE6kU,0
2025-12-29 18:42:22,"GOOD Night, Rooms & Hostel",night_club,ChIJP0WikRQPNEQRa-fOwDqHksg,0
2025-12-29 18:42:23,Енотополис,night_club,ChIJwWg6mXYRNEQROuHfEBIfq10,0
2025-12-29 18:42:24,Zажигалка,night_club,ChIJr-lBWRcRNEQRf90aizHXu4E,0
2025-12-29 18:42:24,"Banketnyy Zal ""Otdykh Kholl""",night_club,ChIJf4HsqCMQNEQRKwGLJKcbkLs,0
2025-12-29 18:42:25,Sauna Berloga,night_club,ChIJBzc_y0UQNEQRO2ZS7blu3tA,0
2025-12-29 18:42:25,"Garin, dj bar",night_club,ChIJWf3BL7sRNEQRprlb-kJZSsI,0
2025-12-29 18:42:26,Kruzhka,night_club,ChIJgXNkcogPNEQReytBCr9yQnc,0
2025-12-29 18:42:26,Noch',night_club,ChIJJ7NHNpEFNEQRpbegxcPA668,0
2025-12-29 18:42:27,Sfera,bowling_alley,ChIJA8O83eYPNEQRbiGVeXnNfh0,0
2025-12-29 18:42:28,Our planet,gym,ChIJA8O83eYPNEQRW4Jv7jdiRQY,0
2025-12-29 18:42:28,Omega fitness,gym,ChIJA8O83eYPNEQRs3QgGI9smKE,0
2025-12-29 18:42:29,"Olimpiya, Sportivnyy Tsentr",gym,ChIJA8O83eYPNEQRX5cDvwmT8iQ,0
2025-12-29 18:42:30,Yoga Studio Jaya,gym,ChIJH2MtKS8QNEQRao9vAMosRYU,0
2025-12-29 18:42:30,Nord Gym,gym,ChIJWaYlJiYQNEQRxFFkOqOSJ68,0
2025-12-29 18:42:31,Akvafitnes,gym,ChIJRdIeQUBShUQRjGIbXXadFg0,0
2025-12-29 18:42:31,Elit Fitnes,gym,ChIJ82sd_yYQNEQRmbdQ2XG1znk,0
2025-12-29 18:42:32,Yogin,gym,ChIJ-9xl2i8QNEQRTAN0vSKNzFs,0
2025-12-29 18:42:32,Tsentr Effektivnoy Fizkul'tury,gym,ChIJ7TI-LtoPNEQRKBdqCOybftc,0
2025-12-29 18:42:33,Shkola Zdorov'ya,gym,ChIJC-IK_94PNEQR6__cPUsFwnc,0
2025-12-29 18:42:34,S-Terminal,gym,ChIJscBuAERShUQRNwZ6oETZmuo,0
2025-12-29 18:42:34,Kinezis,gym,ChIJ5zR3NugPNEQRwHcW-rXB-wk,0
2025-12-29 18:42:35,Murmanskiy Legkoatleticheskiy Manezh,gym,ChIJVbj9CvEPNEQRg5u3_5OT-uo,0
2025-12-29 18:42:36,ФИТНЕС МАСТЕР Ленинский,gym,ChIJT977GKwRNEQRvSbEMQMdpNY,0
2025-12-29 18:42:36,Murmansk,transit_station,ChIJd7deRBRShUQRfmXdofmwWsA,0
2025-12-29 18:42:37,"Murmansk, Zheleznodorozhnaya Stantsiya Murmanskogo Tsentra Organizatsii Raboty Zheleznodorozhnykh S",transit_station,ChIJDeKATtMRNEQREVtD75Wwkfc,0
2025-12-29 18:42:37,Kola,transit_station,ChIJDxInCvUFNEQRrK6ENZC7g6Q,0
2025-12-29 18:42:38,Murmansk Commercial Seaport,transit_station,ChIJA8O83eYPNEQRv_114miQiso,0
2025-12-29 18:42:38,Avtovokzal,transit_station,ChIJA8O83eYPNEQR8KpHrOHe6eM,0
2025-12-29 18:42:39,Marine Station,transit_station,ChIJDeKATtMRNEQRITjHNc2fP0c,0
2025-12-29 18:42:39,Morvokzal,transit_station,ChIJx6dFxdQRNEQRqXimE3wsIeI,0
2025-12-29 19:51:47,Chinar,bar,ChIJA8O83eYPNEQRqDkBr66GyGA,0
2025-12-29 19:51:48,Merry Baker,cafe,ChIJA8O83eYPNEQRLOCPH-PYTFs,0
2025-12-29 19:51:48,Slegka Ne Zamuzhem,night_club,ChIJtXSRcogPNEQRRxCvlSs3iwY,0
2025-12-29 19:51:49,Sim-Sim,bar,ChIJA8O83eYPNEQR99zp_37h8BA,0
2025-12-29 19:51:49,Tea spoon,restaurant,ChIJAdxF_SkQNEQRVpGKVrKMY2U,0
2025-12-29 19:51:50,M-Klub,bar,ChIJBWEhAyoQNEQR0_k-KwKfRsE,0
2025-12-29 19:51:51,Vkusnoochen',cafe,ChIJXc4MuSsQNEQR7dNGzoe3veI,0
2025-12-29 19:51:51,Рюмочная N° 1,cafe,ChIJH09FDNYPNEQRJonBYtKcOx8,0
2025-12-29 19:51:52,White Rabbit,restaurant,ChIJUUuUHikQNEQRs2uwXA0V0io,46
2025-12-29 19:51:53,Yunost',cafe,ChIJWcLovNoPNEQRAxzl61h9Mvg,0
2025-12-29 19:51:53,Lavka Moroshka,cafe,ChIJ66WGqNcPNEQR4OP6JvHuWMI,0
2025-12-29 19:51:54,Yunost',cafe,ChIJaSRcRBFShUQRTSWXRNJaPEE,0
2025-12-29 19:51:54,Shtolle,cafe,ChIJlceuURVShUQREIM-nzI3Y-s,0
2025-12-29 19:51:55,"Тундра, Grill & Bar",bar,ChIJT8zUHCcQNEQROOKYAUCVqvU,100
2025-12-29 19:51:56,Pivlyandiya,bar,ChIJB3pwnS0QNEQR4vTr5yb8X94,0
2025-12-29 19:51:56,Gray Goose,bar,ChIJPW7avdAPNEQRvsTcnwNdwV4,0
2025-12-29 19:51:57,Briz,cafe,ChIJt8Z1tTIQNEQR47kkDKisP3E,0
2025-12-29 19:51:58,Murmansk Regional Children and Youth Library,library,ChIJp-5hgCgQNEQRPO5M0RHOih8,0
2025-12-29 19:51:58,Tezey,book_store,ChIJl5lLnK0RNEQRmy-Jt_S2uAQ,0
2025-12-29 19:51:59,Marusya,book_store,ChIJZ5fmdS4QNEQRVYLagCHEWgE,0
2025-12-29 19:51:59,Internet Bookshop Labyrinth,book_store,ChIJHzbzCNcPNEQR3hBVf1H5XPY,0
2025-12-29 19:52:00,Irrion,book_store,ChIJL7qxbcIPNEQRQKqXR-WE2DA,0
2025-12-29 19:52:00,Knizhnyy Magazin Globus,book_store,ChIJi1sx2tAPNEQR7Ce64vCQ9w8,0
2025-12-29 19:52:01,Bookvoed,book_store,ChIJWaf1zNoPNEQRY0KW1R5hsmc,0
2025-12-29 19:52:01,Book world,book_store,ChIJhbNiKcMPNEQRQW5o4jiE6hY,0
2025-12-29 19:52:02,Knigi,book_store,ChIJ2_kVURBThUQR9-Wl4w8JVSw,0
2025-12-29 19:52:03,Bookvoed,book_store,ChIJyStXJX4FNEQRn6RUhno4xuw,0
2025-12-29 19:52:03,Book World,book_store,ChIJA8O83eYPNEQRLm645c7MHww,0
2025-12-29 19:52:04,Serenity Сomiсs,book_store,ChIJUVptwGwPNEQR7zepmPeQsSE,0
2025-12-29 19:52:05,"Mbuk ""Vystavochnyy Zal G. Murmanska""",art_gallery,ChIJq_YFlS0QNEQRw1pihYjTQhs,0
2025-12-29 19:52:05,Naval Museum of the Northern Fleet,museum,ChIJA8O83eYPNEQRQmp6Rphk1fE,0
2025-12-29 19:52:06,Muzey Istorii Murmanskogo Morskogo Torgovogo Porta,museum,ChIJj4iwvtQRNEQR7cgon0Ck7DE,0
2025-12-29 19:52:07,Murmanskiy Oblastnoy Krayevedcheskiy Muzey,museum,ChIJA8O83eYPNEQRmjin2JkQwo4,0
2025-12-29 19:52:08,Murmanskiy Oblastnoy Khudozhestvennyy Muzey,museum,ChIJA8O83eYPNEQR9tycynax4oM,0
2025-12-29 19:52:08,"Muzey Zanimatel'nykh Nauk ""Fokus""",museum,ChIJAZh5jCgQNEQR2YFM5-mDwhc,0
2025-12-29 19:52:09,Murmanskiy Oblastnoy Krayevedcheskiy Muzey,museum,ChIJ8ZZPxi4QNEQRP2MYfHv2zs4,0
2025-12-29 19:52:10,Lenin,museum,ChIJeU8UJNURNEQR28Gq7izw4Zk,0
2025-12-29 19:52:10,Dom Remesel Murmanskogo Oblastnogo Khudozhestvennogo Muzeya,museum,ChIJuz8PLtoPNEQRwn-36LV7jQk,0
2025-12-29 19:52:11,Muzey Boyevoy Slavy,museum,ChIJX5riU0BShUQRs5XAVSrjOQA,0
2025-12-29 19:52:12,Abram Mys,museum,ChIJZ4YShsQPNEQR96W2PDJqhhY,0
2025-12-29 19:52:14,Ametist,shopping_mall,ChIJ_xdsvtAPNEQRjZ4UtM1aPu0,0
2025-12-29 19:52:15,Germes,shopping_mall,ChIJA8O83eYPNEQRBWRMmzn_EQs,0
2025-12-29 19:52:15,Mirazh,shopping_mall,ChIJA8O83eYPNEQRkRxlznWmm54,0
2025-12-29 19:52:16,Tsentral'nyy,shopping_mall,ChIJA8O83eYPNEQRX2A1PXheKPc,0
2025-12-29 19:52:18,Dom Torgovli,shopping_mall,ChIJ6TiBdCkQNEQRNNRGBPIWV0E,0
2025-12-29 19:52:18,Liga,shopping_mall,ChIJc__ETMMPNEQRb0-2UBVZNBQ,0
2025-12-29 19:52:19,Yelan,shopping_mall,ChIJJ3RDkvIPNEQRYJ6TvTyhTqw,0
2025-12-29 19:52:19,Elektron,shopping_mall,ChIJdYPIVNsPNEQRnrCmwF-28Mk,0
2025-12-29 19:52:20,Yavr,shopping_mall,ChIJj85MIyoQNEQRc_qAcwaUxVc,0
2025-12-29 19:52:20,Arbat,shopping_mall,ChIJCXWCcdYPNEQRT1A1pJRuYis,0
2025-12-29 19:52:21,Pioner,shopping_mall,ChIJf7PiFBFShUQReW-_q6obK_E,0
2025-12-29 19:52:22,Zabota,shopping_mall,ChIJLyJcERFShUQRQkfUyvzE-DA,0
2025-12-29 19:52:22,Alina,shopping_mall,ChIJ6V8YQBFShUQRDUkb3qu-Kio,0
2025-12-29 19:52:23,Sokol,shopping_mall,ChIJf0H5_w9ShUQRLwpmNb20Dl0,0
2025-12-29 19:52:23,"HI,POOH",shopping_mall,ChIJAdKFydoPNEQRtdCur16lip0,0
2025-12-29 19:52:24,Shou-Tekhnologii,shopping_mall,ChIJJRtIz9APNEQRMu-6XcyAFIk,0
2025-12-29 19:52:24,Kruzhka,restaurant,ChIJA8O83eYPNEQRJqoNvwiLFJo,0
2025-12-29 19:52:25,Sushi-Bar Kay,restaurant,ChIJA8O83eYPNEQRbMOcoEwLYvY,0
2025-12-29 19:52:26,Praga,restaurant,ChIJA8O83eYPNEQRd9em-H5ZAyU,0
2025-12-29 19:52:26,Katran Trade,restaurant,ChIJA8O83eYPNEQR7PnwZk7UP6U,0
2025-12-29 19:52:27,Stopka,bar,ChIJA8O83eYPNEQR9G-9fHngD6k,0
2025-12-29 19:52:27,Russkiye Bliny,restaurant,ChIJA8O83eYPNEQR5ZDBuiiDILA,0
2025-12-29 19:52:28,Arktika,restaurant,ChIJd3NMhykQNEQRgPXnJVtRB3Q,0
2025-12-29 19:52:29,Terrasa,restaurant,ChIJTyYZFRRShUQR87Y3VhUUwJY,81
2025-12-29 19:52:29,Cherchill',bar,ChIJIx79iNYPNEQRutPvURV0w1M,0
2025-12-29 19:52:30,Northern Bakeries,restaurant,ChIJX61JUBBShUQRdNeoB9Yi8Uw,0
2025-12-29 19:52:30,Fortuna,restaurant,ChIJe84eAEBShUQRGhpSSEwi9pw,0
2025-12-29 19:52:31,Amigos bar&grill,bar,ChIJPwwsfi4QNEQRwTBcV2klkQU,0
2025-12-29 19:52:31,Alyosha,food_court,ChIJJXT5_sgRNEQRO2Rv3tIP-50,0
2025-12-29 19:52:32,"Otel' ""Ogni Murmanska""",park,ChIJ6RJdvl4FNEQRSUxlWLHbXfw,0
2025-12-29 19:52:32,Discovery,food_court,ChIJWxyfwYEFNEQReaEctK3AWZg,0
2025-12-29 19:52:33,Black Belt Hotel (Hostel),food_court,ChIJfVLBwSMQNEQRQ8jTQtz1kzE,0
2025-12-29 19:52:34,Kongress-Otel' Meridian,food_court,ChIJd5GpHCoQNEQRahI6sNSq3aw,0
2025-12-29 19:52:35,"Cosmos Murmansk Hotel, a member of Radisson Individuals",food_court,ChIJdyefSdgPNEQR5qPr5yQAjVw,0
2025-12-29 19:52:35,Nord Star Ski Complex / Recreation,food_court,ChIJA8O83eYPNEQRediegJRpa-I,0
2025-12-29 19:52:36,Yunost' Zapolyar'ya,food_court,ChIJs7KHLvEPNEQR3rxedaFK69g,0
2025-12-29 19:52:38,Hostel Prichal,food_court,ChIJay17680PNEQRCqnwj7q0Ycw,0
2025-12-29 19:52:38,Фьорд,food_court,ChIJuyJoZqARNEQRn8CCMmL6OCI,0
2025-12-29 19:52:39,Tri Zaytsa,food_court,ChIJIdejaC0QNEQROJqcXRK6-ec,0
2025-12-29 19:52:40,AZIMUT Hotel Murmansk,food_court,ChIJA8O83eYPNEQRCX-bFId7vVU,0
2025-12-29 19:52:40,Rooms & Breakfast,food_court,ChIJbTqsadgPNEQRNGOcTG0GdIo,0
2025-12-29 19:52:41,"Murmansk, Skver",park,ChIJDSk4MioQNEQRGPUTbBPp04I,0
2025-12-29 19:52:41,Ryabinovaya Alleya,park,ChIJI8uTddgPNEQR1J1mBDzrBBw,0
2025-12-29 19:52:42,"""Domiki U Foruma""",park,ChIJz-RCABVOhUQRc8aREPRb79E,0
2025-12-29 19:52:43,Ploshchad' Pyat' Uglov,park,ChIJvyFLjykQNEQRZo7vAVL49d8,0
2025-12-29 19:52:44,Park Zhertv Interventsii,park,ChIJb70c0isQNEQRzGhi5IBn3BE,0
2025-12-29 19:52:45,"Pamyatnik Rybakam I Korablyam, Pogibshim Pri Zashchite Sovetskogo Zapolyar'ya V Gody Velikoy Otechestvennoy Voyny.",park,ChIJ2QbYKdQPNEQRM_54zSJf55Y,0
2025-12-29 19:52:45,Skver U Morskogo Vokzala,park,ChIJAyH4R7ARNEQRvEBxD73GIDY,0
2025-12-29 19:52:46,Skver Vlyublennykh,park,ChIJ7fskjIgRNEQR8O4t5s5sNbk,0
2025-12-29 19:52:46,Park,park,ChIJcxqPpdAPNEQRd6mXHm_t9FA,0
2025-12-29 19:52:47,Park,park,ChIJdbTmitoPNEQRyzPXAxhQX9U,0
2025-12-29 19:52:48,Breakout-quests in reality,movie_theater,ChIJq6pubdYPNEQR6_Dd4xlzt-Q,0
2025-12-29 19:52:48,Murmansk,movie_theater,ChIJL2HfT9gPNEQR8PQ3NT5oMzg,0
2025-12-29 19:52:49,Severnoye Siyaniye,movie_theater,ChIJN_l8sNoPNEQR4dZCGdjWn3w,0
2025-12-29 19:52:50,Mirage Cinema,movie_theater,ChIJUzWpJX4FNEQRrj2-F5lI9P4,0
2025-12-29 19:52:51,Severnoye Nagornoye,movie_theater,ChIJ67D5EEFOhUQR2ZOT0bqcRXQ,100
2025-12-29 19:52:51,Kronverk Cinema Forum,movie_theater,ChIJjVLe7OYPNEQR_ntQmglofzM,0
2025-12-29 19:52:52,Avrora,movie_theater,ChIJ_ZapuQoRNEQR9pDiisujyv0,0
2025-12-29 19:52:53,Lyumen Galaktika,movie_theater,ChIJgaNpACAQNEQRV9WhgBVrBdA,0
2025-12-29 19:52:53,Milan,bar,ChIJA8O83eYPNEQRxdsKxICqKHw,0
2025-12-29 19:52:54,Pivnaya Karta,bar,ChIJlaFuABRShUQRpfsrOSSgk50,0
2025-12-29 19:52:54,Pin-up,bar,ChIJT-OoBhFShUQR3iVjaXIO4yQ,0
2025-12-29 19:52:55,Lit.ra,bar,ChIJKdSmmicQNEQRm58MKdFYnmw,0
2025-12-29 19:52:56,NORTH BEAR Lounge,bar,ChIJRaIW-C4QNEQRmhMQSs6nKXs,0
2025-12-29 19:52:57,Cherdak,bar,ChIJOzbynScQNEQRxvfZ0KOTtjQ,0
2025-12-29 19:52:58,Pivnaya Karta,bar,ChIJQT9NBRBShUQRc-qlUBW3lmM,0
2025-12-29 19:52:58,Ironiya Sud'by,night_club,ChIJg9moRRVShUQROpCkBAe6ojA,0
2025-12-29 19:52:59,"""Chicago""",bar,ChIJAcLiF9EPNEQRj1syIZWkAhE,0
2025-12-29 19:52:59,Gogol',night_club,ChIJfdMLQSYQNEQRPO_G5VOSZMg,0
2025-12-29 19:53:00,Hookah # 1916,night_club,ChIJqbyqBtEPNEQRfd7puDxygV4,0
2025-12-29 19:53:01,Shury-Mury,night_club,ChIJ-789BQFShUQRCpHO1xhcToM,0
2025-12-29 19:53:01,Kommunalka,night_club,ChIJlwOHGYQFNEQRPrII6iHmqEQ,0
2025-12-29 19:53:02,Ledokol,night_club,ChIJA8O83eYPNEQRDwIjfkptGKo,0
2025-12-29 19:53:03,OKEAN Hall,night_club,ChIJ4wI3BTURNEQRn3qwJf-x8Gc,0
2025-12-29 19:53:03,ZALL CLUB & concert hall,night_club,ChIJl9_qM6IPNEQRm_QHNhVE6kU,0
2025-12-29 19:53:04,"GOOD Night, Rooms & Hostel",night_club,ChIJP0WikRQPNEQRa-fOwDqHksg,0
2025-12-29 19:53:05,Енотополис,night_club,ChIJwWg6mXYRNEQROuHfEBIfq10,0
2025-12-29 19:53:06,Zажигалка,night_club,ChIJr-lBWRcRNEQRf90aizHXu4E,0
2025-12-29 19:53:07,"Banketnyy Zal ""Otdykh Kholl""",night_club,ChIJf4HsqCMQNEQRKwGLJKcbkLs,0
2025-12-29 19:53:07,Sauna Berloga,night_club,ChIJBzc_y0UQNEQRO2ZS7blu3tA,0
2025-12-29 19:53:08,"Garin, dj bar",night_club,ChIJWf3BL7sRNEQRprlb-kJZSsI,0
2025-12-29 19:53:09,Kruzhka,night_club,ChIJgXNkcogPNEQReytBCr9yQnc,0
2025-12-29 19:53:09,Noch',night_club,ChIJJ7NHNpEFNEQRpbegxcPA668,0
2025-12-29 19:53:11,Sfera,bowling_alley,ChIJA8O83eYPNEQRbiGVeXnNfh0,0
2025-12-29 19:53:11,Our planet,gym,ChIJA8O83eYPNEQRW4Jv7jdiRQY,0
2025-12-29 19:53:12,Omega fitness,gym,ChIJA8O83eYPNEQRs3QgGI9smKE,0
2025-12-29 19:53:13,"Olimpiya, Sportivnyy Tsentr",gym,ChIJA8O83eYPNEQRX5cDvwmT8iQ,0
2025-12-29 19:53:13,Yoga Studio Jaya,gym,ChIJH2MtKS8QNEQRao9vAMosRYU,0
2025-12-29 19:53:14,Nord Gym,gym,ChIJWaYlJiYQNEQRxFFkOqOSJ68,0
2025-12-29 19:53:14,Akvafitnes,gym,ChIJRdIeQUBShUQRjGIbXXadFg0,0
2025-12-29 19:53:15,Elit Fitnes,gym,ChIJ82sd_yYQNEQRmbdQ2XG1znk,0
2025-12-29 19:53:16,Yogin,gym,ChIJ-9xl2i8QNEQRTAN0vSKNzFs,0
2025-12-29 19:53:16,Tsentr Effektivnoy Fizkul'tury,gym,ChIJ7TI-LtoPNEQRKBdqCOybftc,0
2025-12-29 19:53:17,Shkola Zdorov'ya,gym,ChIJC-IK_94PNEQR6__cPUsFwnc,0
2025-12-29 19:53:18,S-Terminal,gym,ChIJscBuAERShUQRNwZ6oETZmuo,0
2025-12-29 19:53:18,Kinezis,gym,ChIJ5zR3NugPNEQRwHcW-rXB-wk,0
2025-12-29 19:53:19,Murmanskiy Legkoatleticheskiy Manezh,gym,ChIJVbj9CvEPNEQRg5u3_5OT-uo,0
2025-12-29 19:53:20,ФИТНЕС МАСТЕР Ленинский,gym,ChIJT977GKwRNEQRvSbEMQMdpNY,0
2025-12-29 19:53:20,Murmansk,transit_station,ChIJd7deRBRShUQRfmXdofmwWsA,0
2025-12-29 19:53:21,"Murmansk, Zheleznodorozhnaya Stantsiya Murmanskogo Tsentra Organizatsii Raboty Zheleznodorozhnykh S",transit_station,ChIJDeKATtMRNEQREVtD75Wwkfc,0
2025-12-29 19:53:21,Kola,transit_station,ChIJDxInCvUFNEQRrK6ENZC7g6Q,0
2025-12-29 19:53:22,Murmansk Commercial Seaport,transit_station,ChIJA8O83eYPNEQRv_114miQiso,0
2025-12-29 19:53:22,Avtovokzal,transit_station,ChIJA8O83eYPNEQR8KpHrOHe6eM,0
2025-12-29 19:53:23,Marine Station,transit_station,ChIJDeKATtMRNEQRITjHNc2fP0c,0
2025-12-29 19:53:23,Morvokzal,transit_station,ChIJx6dFxdQRNEQRqXimE3wsIeI,0
2025-12-29 20:39:33,Chinar,bar,ChIJA8O83eYPNEQRqDkBr66GyGA,0
2025-12-29 20:39:33,Merry Baker,cafe,ChIJA8O83eYPNEQRLOCPH-PYTFs,0
2025-12-29 20:39:34,Slegka Ne Zamuzhem,night_club,ChIJtXSRcogPNEQRRxCvlSs3iwY,0
2025-12-29 20:39:35,Sim-Sim,bar,ChIJA8O83eYPNEQR99zp_37h8BA,0
2025-12-29 20:39:35,Tea spoon,restaurant,ChIJAdxF_SkQNEQRVpGKVrKMY2U,0
2025-12-29 20:39:36,M-Klub,bar,ChIJBWEhAyoQNEQR0_k-KwKfRsE,0
2025-12-29 20:39:37,Vkusnoochen',cafe,ChIJXc4MuSsQNEQR7dNGzoe3veI,0
2025-12-29 20:39:37,Рюмочная N° 1,cafe,ChIJH09FDNYPNEQRJonBYtKcOx8,0
2025-12-29 20:39:38,White Rabbit,restaurant,ChIJUUuUHikQNEQRs2uwXA0V0io,51
2025-12-29 20:39:39,Yunost',cafe,ChIJWcLovNoPNEQRAxzl61h9Mvg,0
2025-12-29 20:39:39,Lavka Moroshka,cafe,ChIJ66WGqNcPNEQR4OP6JvHuWMI,0
2025-12-29 20:39:40,Yunost',cafe,ChIJaSRcRBFShUQRTSWXRNJaPEE,0
2025-12-29 20:39:40,Shtolle,cafe,ChIJlceuURVShUQREIM-nzI3Y-s,0
2025-12-29 20:39:41,"Тундра, Grill & Bar",bar,ChIJT8zUHCcQNEQROOKYAUCVqvU,84
2025-12-29 20:39:42,Pivlyandiya,bar,ChIJB3pwnS0QNEQR4vTr5yb8X94,0
2025-12-29 20:39:42,Gray Goose,bar,ChIJPW7avdAPNEQRvsTcnwNdwV4,0
2025-12-29 20:39:43,Briz,cafe,ChIJt8Z1tTIQNEQR47kkDKisP3E,0
2025-12-29 20:39:44,Murmansk Regional Children and Youth Library,library,ChIJp-5hgCgQNEQRPO5M0RHOih8,0
2025-12-29 20:39:44,Tezey,book_store,ChIJl5lLnK0RNEQRmy-Jt_S2uAQ,0
2025-12-29 20:39:45,Marusya,book_store,ChIJZ5fmdS4QNEQRVYLagCHEWgE,0
2025-12-29 20:39:46,Internet Bookshop Labyrinth,book_store,ChIJHzbzCNcPNEQR3hBVf1H5XPY,0
2025-12-29 20:39:46,Irrion,book_store,ChIJL7qxbcIPNEQRQKqXR-WE2DA,0
2025-12-29 20:39:47,Knizhnyy Magazin Globus,book_store,ChIJi1sx2tAPNEQR7Ce64vCQ9w8,0
2025-12-29 20:39:48,Bookvoed,book_store,ChIJWaf1zNoPNEQRY0KW1R5hsmc,0
2025-12-29 20:39:49,Book world,book_store,ChIJhbNiKcMPNEQRQW5o4jiE6hY,0
2025-12-29 20:39:49,Knigi,book_store,ChIJ2_kVURBThUQR9-Wl4w8JVSw,0
2025-12-29 20:39:50,Bookvoed,book_store,ChIJyStXJX4FNEQRn6RUhno4xuw,0
2025-12-29 20:39:50,Book World,book_store,ChIJA8O83eYPNEQRLm645c7MHww,0
2025-12-29 20:39:51,Serenity Сomiсs,book_store,ChIJUVptwGwPNEQR7zepmPeQsSE,0
2025-12-29 20:39:52,"Mbuk ""Vystavochnyy Zal G. Murmanska""",art_gallery,ChIJq_YFlS0QNEQRw1pihYjTQhs,0
2025-12-29 20:39:52,Naval Museum of the Northern Fleet,museum,ChIJA8O83eYPNEQRQmp6Rphk1fE,0
2025-12-29 20:39:54,Muzey Istorii Murmanskogo Morskogo Torgovogo Porta,museum,ChIJj4iwvtQRNEQR7cgon0Ck7DE,0
2025-12-29 20:39:54,Murmanskiy Oblastnoy Krayevedcheskiy Muzey,museum,ChIJA8O83eYPNEQRmjin2JkQwo4,0
2025-12-29 20:39:55,Murmanskiy Oblastnoy Khudozhestvennyy Muzey,museum,ChIJA8O83eYPNEQR9tycynax4oM,0
2025-12-29 20:39:56,"Muzey Zanimatel'nykh Nauk ""Fokus""",museum,ChIJAZh5jCgQNEQR2YFM5-mDwhc,0
2025-12-29 20:39:56,Murmanskiy Oblastnoy Krayevedcheskiy Muzey,museum,ChIJ8ZZPxi4QNEQRP2MYfHv2zs4,0
2025-12-29 20:39:57,Lenin,museum,ChIJeU8UJNURNEQR28Gq7izw4Zk,0
2025-12-29 20:39:57,Dom Remesel Murmanskogo Oblastnogo Khudozhestvennogo Muzeya,museum,ChIJuz8PLtoPNEQRwn-36LV7jQk,0
2025-12-29 20:39:58,Muzey Boyevoy Slavy,museum,ChIJX5riU0BShUQRs5XAVSrjOQA,0
2025-12-29 20:39:59,Abram Mys,museum,ChIJZ4YShsQPNEQR96W2PDJqhhY,0
2025-12-29 20:39:59,Ametist,shopping_mall,ChIJ_xdsvtAPNEQRjZ4UtM1aPu0,0
2025-12-29 20:40:00,Germes,shopping_mall,ChIJA8O83eYPNEQRBWRMmzn_EQs,0
2025-12-29 20:40:00,Mirazh,shopping_mall,ChIJA8O83eYPNEQRkRxlznWmm54,0
2025-12-29 20:40:01,Tsentral'nyy,shopping_mall,ChIJA8O83eYPNEQRX2A1PXheKPc,0
2025-12-29 20:40:01,Dom Torgovli,shopping_mall,ChIJ6TiBdCkQNEQRNNRGBPIWV0E,0
2025-12-29 20:40:02,Liga,shopping_mall,ChIJc__ETMMPNEQRb0-2UBVZNBQ,0
2025-12-29 20:40:03,Yelan,shopping_mall,ChIJJ3RDkvIPNEQRYJ6TvTyhTqw,0
2025-12-29 20:40:03,Elektron,shopping_mall,ChIJdYPIVNsPNEQRnrCmwF-28Mk,0
2025-12-29 20:40:04,Yavr,shopping_mall,ChIJj85MIyoQNEQRc_qAcwaUxVc,0
2025-12-29 20:40:04,Arbat,shopping_mall,ChIJCXWCcdYPNEQRT1A1pJRuYis,0
2025-12-29 20:40:05,Pioner,shopping_mall,ChIJf7PiFBFShUQReW-_q6obK_E,0
2025-12-29 20:40:06,Zabota,shopping_mall,ChIJLyJcERFShUQRQkfUyvzE-DA,0
2025-12-29 20:40:06,Alina,shopping_mall,ChIJ6V8YQBFShUQRDUkb3qu-Kio,0
2025-12-29 20:40:07,Sokol,shopping_mall,ChIJf0H5_w9ShUQRLwpmNb20Dl0,0
2025-12-29 20:40:07,"HI,POOH",shopping_mall,ChIJAdKFydoPNEQRtdCur16lip0,0
2025-12-29 20:40:08,Shou-Tekhnologii,shopping_mall,ChIJJRtIz9APNEQRMu-6XcyAFIk,0
2025-12-29 20:40:08,Kruzhka,restaurant,ChIJA8O83eYPNEQRJqoNvwiLFJo,0
2025-12-29 20:40:09,Sushi-Bar Kay,restaurant,ChIJA8O83eYPNEQRbMOcoEwLYvY,0
2025-12-29 20:40:10,Praga,restaurant,ChIJA8O83eYPNEQRd9em-H5ZAyU,0
2025-12-29 20:40:10,Katran Trade,restaurant,ChIJA8O83eYPNEQR7PnwZk7UP6U,0
2025-12-29 20:40:11,Stopka,bar,ChIJA8O83eYPNEQR9G-9fHngD6k,0
2025-12-29 20:40:11,Russkiye Bliny,restaurant,ChIJA8O83eYPNEQR5ZDBuiiDILA,0
2025-12-29 20:40:12,Arktika,restaurant,ChIJd3NMhykQNEQRgPXnJVtRB3Q,0
2025-12-29 20:40:12,Terrasa,restaurant,ChIJTyYZFRRShUQR87Y3VhUUwJY,100
2025-12-29 20:40:13,Cherchill',bar,ChIJIx79iNYPNEQRutPvURV0w1M,0
2025-12-29 20:40:14,Northern Bakeries,restaurant,ChIJX61JUBBShUQRdNeoB9Yi8Uw,0
2025-12-29 20:40:14,Fortuna,restaurant,ChIJe84eAEBShUQRGhpSSEwi9pw,0
2025-12-29 20:40:15,Amigos bar&grill,bar,ChIJPwwsfi4QNEQRwTBcV2klkQU,0
2025-12-29 20:40:15,Alyosha,food_court,ChIJJXT5_sgRNEQRO2Rv3tIP-50,0
2025-12-29 20:40:16,"Otel' ""Ogni Murmanska""",park,ChIJ6RJdvl4FNEQRSUxlWLHbXfw,0
2025-12-29 20:40:17,Discovery,food_court,ChIJWxyfwYEFNEQReaEctK3AWZg,0
2025-12-29 20:40:17,Black Belt Hotel (Hostel),food_court,ChIJfVLBwSMQNEQRQ8jTQtz1kzE,0
2025-12-29 20:40:18,Kongress-Otel' Meridian,food_court,ChIJd5GpHCoQNEQRahI6sNSq3aw,0
2025-12-29 20:40:19,"Cosmos Murmansk Hotel, a member of Radisson Individuals",food_court,ChIJdyefSdgPNEQR5qPr5yQAjVw,0
2025-12-29 20:40:19,Nord Star Ski Complex / Recreation,food_court,ChIJA8O83eYPNEQRediegJRpa-I,0
2025-12-29 20:40:20,Yunost' Zapolyar'ya,food_court,ChIJs7KHLvEPNEQR3rxedaFK69g,0
2025-12-29 20:40:20,Hostel Prichal,food_court,ChIJay17680PNEQRCqnwj7q0Ycw,0
2025-12-29 20:40:21,Фьорд,food_court,ChIJuyJoZqARNEQRn8CCMmL6OCI,0
2025-12-29 20:40:21,Tri Zaytsa,food_court,ChIJIdejaC0QNEQROJqcXRK6-ec,0
2025-12-29 20:40:22,AZIMUT Hotel Murmansk,food_court,ChIJA8O83eYPNEQRCX-bFId7vVU,0
2025-12-29 20:40:23,Rooms & Breakfast,food_court,ChIJbTqsadgPNEQRNGOcTG0GdIo,0
2025-12-29 20:40:23,"Murmansk, Skver",park,ChIJDSk4MioQNEQRGPUTbBPp04I,0
2025-12-29 20:40:24,Ryabinovaya Alleya,park,ChIJI8uTddgPNEQR1J1mBDzrBBw,0
2025-12-29 20:40:24,"""Domiki U Foruma""",park,ChIJz-RCABVOhUQRc8aREPRb79E,0
2025-12-29 20:40:25,Ploshchad' Pyat' Uglov,park,ChIJvyFLjykQNEQRZo7vAVL49d8,0
2025-12-29 20:40:26,Park Zhertv Interventsii,park,ChIJb70c0isQNEQRzGhi5IBn3BE,0
2025-12-29 20:40:26,"Pamyatnik Rybakam I Korablyam, Pogibshim Pri Zashchite Sovetskogo Zapolyar'ya V Gody Velikoy Otechestvennoy Voyny.",park,ChIJ2QbYKdQPNEQRM_54zSJf55Y,0
2025-12-29 20:40:27,Skver U Morskogo Vokzala,park,ChIJAyH4R7ARNEQRvEBxD73GIDY,0
2025-12-29 20:40:28,Skver Vlyublennykh,park,ChIJ7fskjIgRNEQR8O4t5s5sNbk,0
2025-12-29 20:40:28,Park,park,ChIJcxqPpdAPNEQRd6mXHm_t9FA,0
2025-12-29 20:40:29,Park,park,ChIJdbTmitoPNEQRyzPXAxhQX9U,0
2025-12-29 20:40:30,Breakout-quests in reality,movie_theater,ChIJq6pubdYPNEQR6_Dd4xlzt-Q,0
2025-12-29 20:40:30,Murmansk,movie_theater,ChIJL2HfT9gPNEQR8PQ3NT5oMzg,0
2025-12-29 20:40:31,Severnoye Siyaniye,movie_theater,ChIJN_l8sNoPNEQR4dZCGdjWn3w,0
2025-12-29 20:40:31,Mirage Cinema,movie_theater,ChIJUzWpJX4FNEQRrj2-F5lI9P4,0
2025-12-29 20:40:32,Severnoye Nagornoye,movie_theater,ChIJ67D5EEFOhUQR2ZOT0bqcRXQ,98
2025-12-29 20:40:33,Kronverk Cinema Forum,movie_theater,ChIJjVLe7OYPNEQR_ntQmglofzM,0
2025-12-29 20:40:33,Avrora,movie_theater,ChIJ_ZapuQoRNEQR9pDiisujyv0,0
2025-12-29 20:40:34,Lyumen Galaktika,movie_theater,ChIJgaNpACAQNEQRV9WhgBVrBdA,0
2025-12-29 20:40:34,Milan,bar,ChIJA8O83eYPNEQRxdsKxICqKHw,0
2025-12-29 20:40:35,Pivnaya Karta,bar,ChIJlaFuABRShUQRpfsrOSSgk50,0
2025-12-29 20:40:36,Pin-up,bar,ChIJT-OoBhFShUQR3iVjaXIO4yQ,0
2025-12-29 20:40:36,Lit.ra,bar,ChIJKdSmmicQNEQRm58MKdFYnmw,0
2025-12-29 20:40:37,NORTH BEAR Lounge,bar,ChIJRaIW-C4QNEQRmhMQSs6nKXs,0
2025-12-29 20:40:37,Cherdak,bar,ChIJOzbynScQNEQRxvfZ0KOTtjQ,0
2025-12-29 20:40:38,Pivnaya Karta,bar,ChIJQT9NBRBShUQRc-qlUBW3lmM,0
2025-12-29 20:40:38,Ironiya Sud'by,night_club,ChIJg9moRRVShUQROpCkBAe6ojA,0
2025-12-29 20:40:39,"""Chicago""",bar,ChIJAcLiF9EPNEQRj1syIZWkAhE,0
2025-12-29 20:40:40,Gogol',night_club,ChIJfdMLQSYQNEQRPO_G5VOSZMg,0
2025-12-29 20:40:40,Hookah # 1916,night_club,ChIJqbyqBtEPNEQRfd7puDxygV4,0
2025-12-29 20:40:41,Shury-Mury,night_club,ChIJ-789BQFShUQRCpHO1xhcToM,0
2025-12-29 20:40:41,Kommunalka,night_club,ChIJlwOHGYQFNEQRPrII6iHmqEQ,0
2025-12-29 20:40:42,Ledokol,night_club,ChIJA8O83eYPNEQRDwIjfkptGKo,0
2025-12-29 20:40:43,OKEAN Hall,night_club,ChIJ4wI3BTURNEQRn3qwJf-x8Gc,0
2025-12-29 20:40:43,ZALL CLUB & concert hall,night_club,ChIJl9_qM6IPNEQRm_QHNhVE6kU,0
2025-12-29 20:40:44,"GOOD Night, Rooms & Hostel",night_club,ChIJP0WikRQPNEQRa-fOwDqHksg,0
2025-12-29 20:40:44,Енотополис,night_club,ChIJwWg6mXYRNEQROuHfEBIfq10,0
2025-12-29 20:40:45,Zажигалка,night_club,ChIJr-lBWRcRNEQRf90aizHXu4E,0
2025-12-29 20:40:46,"Banketnyy Zal ""Otdykh Kholl""",night_club,ChIJf4HsqCMQNEQRKwGLJKcbkLs,0
2025-12-29 20:40:46,Sauna Berloga,night_club,ChIJBzc_y0UQNEQRO2ZS7blu3tA,0
2025-12-29 20:40:47,"Garin, dj bar",night_club,ChIJWf3BL7sRNEQRprlb-kJZSsI,0
2025-12-29 20:40:47,Kruzhka,night_club,ChIJgXNkcogPNEQReytBCr9yQnc,0
2025-12-29 20:40:48,Noch',night_club,ChIJJ7NHNpEFNEQRpbegxcPA668,0
2025-12-29 20:40:48,Sfera,bowling_alley,ChIJA8O83eYPNEQRbiGVeXnNfh0,0
2025-12-29 20:40:49,Our planet,gym,ChIJA8O83eYPNEQRW4Jv7jdiRQY,0
2025-12-29 20:40:49,Omega fitness,gym,ChIJA8O83eYPNEQRs3QgGI9smKE,0
2025-12-29 20:40:50,"Olimpiya, Sportivnyy Tsentr",gym,ChIJA8O83eYPNEQRX5cDvwmT8iQ,0
2025-12-29 20:40:51,Yoga Studio Jaya,gym,ChIJH2MtKS8QNEQRao9vAMosRYU,0
2025-12-29 20:40:51,Nord Gym,gym,ChIJWaYlJiYQNEQRxFFkOqOSJ68,0
2025-12-29 20:40:52,Akvafitnes,gym,ChIJRdIeQUBShUQRjGIbXXadFg0,0
2025-12-29 20:40:52,Elit Fitnes,gym,ChIJ82sd_yYQNEQRmbdQ2XG1znk,0
2025-12-29 20:40:53,Yogin,gym,ChIJ-9xl2i8QNEQRTAN0vSKNzFs,0
2025-12-29 20:40:54,Tsentr Effektivnoy Fizkul'tury,gym,ChIJ7TI-LtoPNEQRKBdqCOybftc,0
2025-12-29 20:40:54,Shkola Zdorov'ya,gym,ChIJC-IK_94PNEQR6__cPUsFwnc,0
2025-12-29 20:40:55,S-Terminal,gym,ChIJscBuAERShUQRNwZ6oETZmuo,0
2025-12-29 20:40:55,Kinezis,gym,ChIJ5zR3NugPNEQRwHcW-rXB-wk,0
2025-12-29 20:40:56,Murmanskiy Legkoatleticheskiy Manezh,gym,ChIJVbj9CvEPNEQRg5u3_5OT-uo,0
2025-12-29 20:40:57,ФИТНЕС МАСТЕР Ленинский,gym,ChIJT977GKwRNEQRvSbEMQMdpNY,0
2025-12-29 20:40:57,Murmansk,transit_station,ChIJd7deRBRShUQRfmXdofmwWsA,0
2025-12-29 20:40:58,"Murmansk, Zheleznodorozhnaya Stantsiya Murmanskogo Tsentra Organizatsii Raboty Zheleznodorozhnykh S",transit_station,ChIJDeKATtMRNEQREVtD75Wwkfc,0
2025-12-29 20:40:58,Kola,transit_station,ChIJDxInCvUFNEQRrK6ENZC7g6Q,0
2025-12-29 20:40:59,Murmansk Commercial Seaport,transit_station,ChIJA8O83eYPNEQRv_114miQiso,0
2025-12-29 20:40:59,Avtovokzal,transit_station,ChIJA8O83eYPNEQR8KpHrOHe6eM,0
2025-12-29 20:41:00,Marine Station,transit_station,ChIJDeKATtMRNEQRITjHNc2fP0c,0
2025-12-29 20:41:00,Morvokzal,transit_station,ChIJx6dFxdQRNEQRqXimE3wsIeI,0
2025-12-29 21:54:21,Chinar,bar,ChIJA8O83eYPNEQRqDkBr66GyGA,0
2025-12-29 21:54:22,Merry Baker,cafe,ChIJA8O83eYPNEQRLOCPH-PYTFs,0
2025-12-29 21:54:22,Slegka Ne Zamuzhem,night_club,ChIJtXSRcogPNEQRRxCvlSs3iwY,0
2025-12-29 21:54:23,Sim-Sim,bar,ChIJA8O83eYPNEQR99zp_37h8BA,0
2025-12-29 21:54:24,Tea spoon,restaurant,ChIJAdxF_SkQNEQRVpGKVrKMY2U,0
2025-12-29 21:54:24,M-Klub,bar,ChIJBWEhAyoQNEQR0_k-KwKfRsE,0
2025-12-29 21:54:25,Vkusnoochen',cafe,ChIJXc4MuSsQNEQR7dNGzoe3veI,0
2025-12-29 21:54:26,Рюмочная N° 1,cafe,ChIJH09FDNYPNEQRJonBYtKcOx8,0
2025-12-29 21:54:27,White Rabbit,restaurant,ChIJUUuUHikQNEQRs2uwXA0V0io,26
2025-12-29 21:54:27,Yunost',cafe,ChIJWcLovNoPNEQRAxzl61h9Mvg,0
2025-12-29 21:54:28,Lavka Moroshka,cafe,ChIJ66WGqNcPNEQR4OP6JvHuWMI,0
2025-12-29 21:54:28,Yunost',cafe,ChIJaSRcRBFShUQRTSWXRNJaPEE,0
2025-12-29 21:54:29,Shtolle,cafe,ChIJlceuURVShUQREIM-nzI3Y-s,0
2025-12-29 21:54:29,"Тундра, Grill & Bar",bar,ChIJT8zUHCcQNEQROOKYAUCVqvU,62
2025-12-29 21:54:30,Pivlyandiya,bar,ChIJB3pwnS0QNEQR4vTr5yb8X94,0
2025-12-29 21:54:31,Gray Goose,bar,ChIJPW7avdAPNEQRvsTcnwNdwV4,0
2025-12-29 21:54:31,Briz,cafe,ChIJt8Z1tTIQNEQR47kkDKisP3E,0
2025-12-29 21:54:32,Murmansk Regional Children and Youth Library,library,ChIJp-5hgCgQNEQRPO5M0RHOih8,0
2025-12-29 21:54:33,Tezey,book_store,ChIJl5lLnK0RNEQRmy-Jt_S2uAQ,0
2025-12-29 21:54:33,Marusya,book_store,ChIJZ5fmdS4QNEQRVYLagCHEWgE,0
2025-12-29 21:54:34,Internet Bookshop Labyrinth,book_store,ChIJHzbzCNcPNEQR3hBVf1H5XPY,0
2025-12-29 21:54:34,Irrion,book_store,ChIJL7qxbcIPNEQRQKqXR-WE2DA,0
2025-12-29 21:54:35,Knizhnyy Magazin Globus,book_store,ChIJi1sx2tAPNEQR7Ce64vCQ9w8,0
2025-12-29 21:54:36,Bookvoed,book_store,ChIJWaf1zNoPNEQRY0KW1R5hsmc,0
2025-12-29 21:54:36,Book world,book_store,ChIJhbNiKcMPNEQRQW5o4jiE6hY,0
2025-12-29 21:54:37,Knigi,book_store,ChIJ2_kVURBThUQR9-Wl4w8JVSw,0
2025-12-29 21:54:37,Bookvoed,book_store,ChIJyStXJX4FNEQRn6RUhno4xuw,0
2025-12-29 21:54:38,Book World,book_store,ChIJA8O83eYPNEQRLm645c7MHww,0
2025-12-29 21:54:39,Serenity Сomiсs,book_store,ChIJUVptwGwPNEQR7zepmPeQsSE,0
2025-12-29 21:54:39,"Mbuk ""Vystavochnyy Zal G. Murmanska""",art_gallery,ChIJq_YFlS0QNEQRw1pihYjTQhs,0
2025-12-29 21:54:40,Naval Museum of the Northern Fleet,museum,ChIJA8O83eYPNEQRQmp6Rphk1fE,0
2025-12-29 21:54:41,Muzey Istorii Murmanskogo Morskogo Torgovogo Porta,museum,ChIJj4iwvtQRNEQR7cgon0Ck7DE,0
2025-12-29 21:54:41,Murmanskiy Oblastnoy Krayevedcheskiy Muzey,museum,ChIJA8O83eYPNEQRmjin2JkQwo4,0
2025-12-29 21:54:42,Murmanskiy Oblastnoy Khudozhestvennyy Muzey,museum,ChIJA8O83eYPNEQR9tycynax4oM,0
2025-12-29 21:54:43,"Muzey Zanimatel'nykh Nauk ""Fokus""",museum,ChIJAZh5jCgQNEQR2YFM5-mDwhc,0
2025-12-29 21:54:43,Murmanskiy Oblastnoy Krayevedcheskiy Muzey,museum,ChIJ8ZZPxi4QNEQRP2MYfHv2zs4,0
2025-12-29 21:54:44,Lenin,museum,ChIJeU8UJNURNEQR28Gq7izw4Zk,0
2025-12-29 21:54:45,Dom Remesel Murmanskogo Oblastnogo Khudozhestvennogo Muzeya,museum,ChIJuz8PLtoPNEQRwn-36LV7jQk,0
2025-12-29 21:54:45,Muzey Boyevoy Slavy,museum,ChIJX5riU0BShUQRs5XAVSrjOQA,0
2025-12-29 21:54:46,Abram Mys,museum,ChIJZ4YShsQPNEQR96W2PDJqhhY,0
2025-12-29 21:54:46,Ametist,shopping_mall,ChIJ_xdsvtAPNEQRjZ4UtM1aPu0,0
2025-12-29 21:54:47,Germes,shopping_mall,ChIJA8O83eYPNEQRBWRMmzn_EQs,0
2025-12-29 21:54:48,Mirazh,shopping_mall,ChIJA8O83eYPNEQRkRxlznWmm54,0
2025-12-29 21:54:48,Tsentral'nyy,shopping_mall,ChIJA8O83eYPNEQRX2A1PXheKPc,0
2025-12-29 21:54:50,Dom Torgovli,shopping_mall,ChIJ6TiBdCkQNEQRNNRGBPIWV0E,0
2025-12-29 21:54:50,Liga,shopping_mall,ChIJc__ETMMPNEQRb0-2UBVZNBQ,0
2025-12-29 21:54:51,Yelan,shopping_mall,ChIJJ3RDkvIPNEQRYJ6TvTyhTqw,0
2025-12-29 21:54:52,Elektron,shopping_mall,ChIJdYPIVNsPNEQRnrCmwF-28Mk,0
2025-12-29 21:54:52,Yavr,shopping_mall,ChIJj85MIyoQNEQRc_qAcwaUxVc,0
2025-12-29 21:54:53,Arbat,shopping_mall,ChIJCXWCcdYPNEQRT1A1pJRuYis,0
2025-12-29 21:54:53,Pioner,shopping_mall,ChIJf7PiFBFShUQReW-_q6obK_E,0
2025-12-29 21:54:54,Zabota,shopping_mall,ChIJLyJcERFShUQRQkfUyvzE-DA,0
2025-12-29 21:54:54,Alina,shopping_mall,ChIJ6V8YQBFShUQRDUkb3qu-Kio,0
2025-12-29 21:54:55,Sokol,shopping_mall,ChIJf0H5_w9ShUQRLwpmNb20Dl0,0
2025-12-29 21:54:56,"HI,POOH",shopping_mall,ChIJAdKFydoPNEQRtdCur16lip0,0
2025-12-29 21:54:56,Shou-Tekhnologii,shopping_mall,ChIJJRtIz9APNEQRMu-6XcyAFIk,0
2025-12-29 21:54:57,Kruzhka,restaurant,ChIJA8O83eYPNEQRJqoNvwiLFJo,0
2025-12-29 21:54:58,Sushi-Bar Kay,restaurant,ChIJA8O83eYPNEQRbMOcoEwLYvY,0
2025-12-29 21:54:58,Praga,restaurant,ChIJA8O83eYPNEQRd9em-H5ZAyU,0
2025-12-29 21:54:59,Katran Trade,restaurant,ChIJA8O83eYPNEQR7PnwZk7UP6U,0
2025-12-29 21:54:59,Stopka,bar,ChIJA8O83eYPNEQR9G-9fHngD6k,0
2025-12-29 21:55:00,Russkiye Bliny,restaurant,ChIJA8O83eYPNEQR5ZDBuiiDILA,0
2025-12-29 21:55:00,Arktika,restaurant,ChIJd3NMhykQNEQRgPXnJVtRB3Q,0
2025-12-29 21:55:01,Terrasa,restaurant,ChIJTyYZFRRShUQR87Y3VhUUwJY,47
2025-12-29 21:55:02,Cherchill',bar,ChIJIx79iNYPNEQRutPvURV0w1M,0
2025-12-29 21:55:02,Northern Bakeries,restaurant,ChIJX61JUBBShUQRdNeoB9Yi8Uw,0
2025-12-29 21:55:03,Fortuna,restaurant,ChIJe84eAEBShUQRGhpSSEwi9pw,0
2025-12-29 21:55:04,Amigos bar&grill,bar,ChIJPwwsfi4QNEQRwTBcV2klkQU,0
2025-12-29 21:55:04,Alyosha,food_court,ChIJJXT5_sgRNEQRO2Rv3tIP-50,0
2025-12-29 21:55:05,"Otel' ""Ogni Murmanska""",park,ChIJ6RJdvl4FNEQRSUxlWLHbXfw,0
2025-12-29 21:55:05,Discovery,food_court,ChIJWxyfwYEFNEQReaEctK3AWZg,0
2025-12-29 21:55:06,Black Belt Hotel (Hostel),food_court,ChIJfVLBwSMQNEQRQ8jTQtz1kzE,0
2025-12-29 21:55:06,Kongress-Otel' Meridian,food_court,ChIJd5GpHCoQNEQRahI6sNSq3aw,0
2025-12-29 21:55:07,"Cosmos Murmansk Hotel, a member of Radisson Individuals",food_court,ChIJdyefSdgPNEQR5qPr5yQAjVw,0
2025-12-29 21:55:08,Nord Star Ski Complex / Recreation,food_court,ChIJA8O83eYPNEQRediegJRpa-I,0
2025-12-29 21:55:08,Yunost' Zapolyar'ya,food_court,ChIJs7KHLvEPNEQR3rxedaFK69g,0
2025-12-29 21:55:09,Hostel Prichal,food_court,ChIJay17680PNEQRCqnwj7q0Ycw,0
2025-12-29 21:55:10,Фьорд,food_court,ChIJuyJoZqARNEQRn8CCMmL6OCI,0
2025-12-29 21:55:10,Tri Zaytsa,food_court,ChIJIdejaC0QNEQROJqcXRK6-ec,0
2025-12-29 21:55:11,AZIMUT Hotel Murmansk,food_court,ChIJA8O83eYPNEQRCX-bFId7vVU,0
2025-12-29 21:55:12,Rooms & Breakfast,food_court,ChIJbTqsadgPNEQRNGOcTG0GdIo,0
2025-12-29 21:55:12,"Murmansk, Skver",park,ChIJDSk4MioQNEQRGPUTbBPp04I,0
2025-12-29 21:55:13,Ryabinovaya Alleya,park,ChIJI8uTddgPNEQR1J1mBDzrBBw,0
2025-12-29 21:55:13,"""Domiki U Foruma""",park,ChIJz-RCABVOhUQRc8aREPRb79E,0
2025-12-29 21:55:14,Ploshchad' Pyat' Uglov,park,ChIJvyFLjykQNEQRZo7vAVL49d8,0
2025-12-29 21:55:15,Park Zhertv Interventsii,park,ChIJb70c0isQNEQRzGhi5IBn3BE,0
2025-12-29 21:55:15,"Pamyatnik Rybakam I Korablyam, Pogibshim Pri Zashchite Sovetskogo Zapolyar'ya V Gody Velikoy Otechestvennoy Voyny.",park,ChIJ2QbYKdQPNEQRM_54zSJf55Y,0
2025-12-29 21:55:16,Skver U Morskogo Vokzala,park,ChIJAyH4R7ARNEQRvEBxD73GIDY,0
2025-12-29 21:55:16,Skver Vlyublennykh,park,ChIJ7fskjIgRNEQR8O4t5s5sNbk,0
2025-12-29 21:55:17,Park,park,ChIJcxqPpdAPNEQRd6mXHm_t9FA,0
2025-12-29 21:55:18,Park,park,ChIJdbTmitoPNEQRyzPXAxhQX9U,0
2025-12-29 21:55:18,Breakout-quests in reality,movie_theater,ChIJq6pubdYPNEQR6_Dd4xlzt-Q,0
2025-12-29 21:55:19,Murmansk,movie_theater,ChIJL2HfT9gPNEQR8PQ3NT5oMzg,0
2025-12-29 21:55:20,Severnoye Siyaniye,movie_theater,ChIJN_l8sNoPNEQR4dZCGdjWn3w,0
2025-12-29 21:55:20,Mirage Cinema,movie_theater,ChIJUzWpJX4FNEQRrj2-F5lI9P4,0
2025-12-29 21:55:21,Severnoye Nagornoye,movie_theater,ChIJ67D5EEFOhUQR2ZOT0bqcRXQ,37
2025-12-29 21:55:22,Kronverk Cinema Forum,movie_theater,ChIJjVLe7OYPNEQR_ntQmglofzM,0
2025-12-29 21:55:22,Avrora,movie_theater,ChIJ_ZapuQoRNEQR9pDiisujyv0,0
2025-12-29 21:55:23,Lyumen Galaktika,movie_theater,ChIJgaNpACAQNEQRV9WhgBVrBdA,0
2025-12-29 21:55:23,Milan,bar,ChIJA8O83eYPNEQRxdsKxICqKHw,0
2025-12-29 21:55:24,Pivnaya Karta,bar,ChIJlaFuABRShUQRpfsrOSSgk50,0
2025-12-29 21:55:25,Pin-up,bar,ChIJT-OoBhFShUQR3iVjaXIO4yQ,0
2025-12-29 21:55:25,Lit.ra,bar,ChIJKdSmmicQNEQRm58MKdFYnmw,0
2025-12-29 21:55:26,NORTH BEAR Lounge,bar,ChIJRaIW-C4QNEQRmhMQSs6nKXs,0
2025-12-29 21:55:26,Cherdak,bar,ChIJOzbynScQNEQRxvfZ0KOTtjQ,0
2025-12-29 21:55:27,Pivnaya Karta,bar,ChIJQT9NBRBShUQRc-qlUBW3lmM,0
2025-12-29 21:55:28,Ironiya Sud'by,night_club,ChIJg9moRRVShUQROpCkBAe6ojA,0
2025-12-29 21:55:28,"""Chicago""",bar,ChIJAcLiF9EPNEQRj1syIZWkAhE,0
2025-12-29 21:55:29,Gogol',night_club,ChIJfdMLQSYQNEQRPO_G5VOSZMg,0
2025-12-29 21:55:29,Hookah # 1916,night_club,ChIJqbyqBtEPNEQRfd7puDxygV4,0
2025-12-29 21:55:30,Shury-Mury,night_club,ChIJ-789BQFShUQRCpHO1xhcToM,0
2025-12-29 21:55:30,Kommunalka,night_club,ChIJlwOHGYQFNEQRPrII6iHmqEQ,0
2025-12-29 21:55:31,Ledokol,night_club,ChIJA8O83eYPNEQRDwIjfkptGKo,0
2025-12-29 21:55:32,OKEAN Hall,night_club,ChIJ4wI3BTURNEQRn3qwJf-x8Gc,0
2025-12-29 21:55:32,ZALL CLUB & concert hall,night_club,ChIJl9_qM6IPNEQRm_QHNhVE6kU,0
2025-12-29 21:55:33,"GOOD Night, Rooms & Hostel",night_club,ChIJP0WikRQPNEQRa-fOwDqHksg,0
2025-12-29 21:55:34,Енотополис,night_club,ChIJwWg6mXYRNEQROuHfEBIfq10,0
2025-12-29 21:55:34,Zажигалка,night_club,ChIJr-lBWRcRNEQRf90aizHXu4E,0
2025-12-29 21:55:35,"Banketnyy Zal ""Otdykh Kholl""",night_club,ChIJf4HsqCMQNEQRKwGLJKcbkLs,0
2025-12-29 21:55:35,Sauna Berloga,night_club,ChIJBzc_y0UQNEQRO2ZS7blu3tA,0
2025-12-29 21:55:36,"Garin, dj bar",night_club,ChIJWf3BL7sRNEQRprlb-kJZSsI,0
2025-12-29 21:55:37,Kruzhka,night_club,ChIJgXNkcogPNEQReytBCr9yQnc,0
2025-12-29 21:55:37,Noch',night_club,ChIJJ7NHNpEFNEQRpbegxcPA668,0
2025-12-29 21:55:38,Sfera,bowling_alley,ChIJA8O83eYPNEQRbiGVeXnNfh0,0
2025-12-29 21:55:38,Our planet,gym,ChIJA8O83eYPNEQRW4Jv7jdiRQY,0
2025-12-29 21:55:39,Omega fitness,gym,ChIJA8O83eYPNEQRs3QgGI9smKE,0
2025-12-29 21:55:39,"Olimpiya, Sportivnyy Tsentr",gym,ChIJA8O83eYPNEQRX5cDvwmT8iQ,0
2025-12-29 21:55:40,Yoga Studio Jaya,gym,ChIJH2MtKS8QNEQRao9vAMosRYU,0
2025-12-29 21:55:41,Nord Gym,gym,ChIJWaYlJiYQNEQRxFFkOqOSJ68,0
2025-12-29 21:55:41,Akvafitnes,gym,ChIJRdIeQUBShUQRjGIbXXadFg0,0
2025-12-29 21:55:42,Elit Fitnes,gym,ChIJ82sd_yYQNEQRmbdQ2XG1znk,0
2025-12-29 21:55:43,Yogin,gym,ChIJ-9xl2i8QNEQRTAN0vSKNzFs,0
2025-12-29 21:55:43,Tsentr Effektivnoy Fizkul'tury,gym,ChIJ7TI-LtoPNEQRKBdqCOybftc,0
2025-12-29 21:55:44,Shkola Zdorov'ya,gym,ChIJC-IK_94PNEQR6__cPUsFwnc,0
2025-12-29 21:55:44,S-Terminal,gym,ChIJscBuAERShUQRNwZ6oETZmuo,0
2025-12-29 21:55:45,Kinezis,gym,ChIJ5zR3NugPNEQRwHcW-rXB-wk,0
2025-12-29 21:55:46,Murmanskiy Legkoatleticheskiy Manezh,gym,ChIJVbj9CvEPNEQRg5u3_5OT-uo,0
2025-12-29 21:55:46,ФИТНЕС МАСТЕР Ленинский,gym,ChIJT977GKwRNEQRvSbEMQMdpNY,0
2025-12-29 21:55:47,Murmansk,transit_station,ChIJd7deRBRShUQRfmXdofmwWsA,0
2025-12-29 21:55:47,"Murmansk, Zheleznodorozhnaya Stantsiya Murmanskogo Tsentra Organizatsii Raboty Zheleznodorozhnykh S",transit_station,ChIJDeKATtMRNEQREVtD75Wwkfc,0
2025-12-29 21:55:48,Kola,transit_station,ChIJDxInCvUFNEQRrK6ENZC7g6Q,0
2025-12-29 21:55:48,Murmansk Commercial Seaport,transit_station,ChIJA8O83eYPNEQRv_114miQiso,0
2025-12-29 21:55:49,Avtovokzal,transit_station,ChIJA8O83eYPNEQR8KpHrOHe6eM,0
2025-12-29 21:55:49,Marine Station,transit_station,ChIJDeKATtMRNEQRITjHNc2fP0c,0
2025-12-29 21:55:50,Morvokzal,transit_station,ChIJx6dFxdQRNEQRqXimE3wsIeI,0
2025-12-29 22:28:06,Chinar,bar,ChIJA8O83eYPNEQRqDkBr66GyGA,0
2025-12-29 22:28:06,Merry Baker,cafe,ChIJA8O83eYPNEQRLOCPH-PYTFs,0
2025-12-29 22:28:07,Slegka Ne Zamuzhem,night_club,ChIJtXSRcogPNEQRRxCvlSs3iwY,0
2025-12-29 22:28:08,Sim-Sim,bar,ChIJA8O83eYPNEQR99zp_37h8BA,0
2025-12-29 22:28:08,Tea spoon,restaurant,ChIJAdxF_SkQNEQRVpGKVrKMY2U,0
2025-12-29 22:28:09,M-Klub,bar,ChIJBWEhAyoQNEQR0_k-KwKfRsE,0
2025-12-29 22:28:09,Vkusnoochen',cafe,ChIJXc4MuSsQNEQR7dNGzoe3veI,0
2025-12-29 22:28:10,Рюмочная N° 1,cafe,ChIJH09FDNYPNEQRJonBYtKcOx8,0
2025-12-29 22:28:10,White Rabbit,restaurant,ChIJUUuUHikQNEQRs2uwXA0V0io,7
2025-12-29 22:28:11,Yunost',cafe,ChIJWcLovNoPNEQRAxzl61h9Mvg,0
2025-12-29 22:28:11,Lavka Moroshka,cafe,ChIJ66WGqNcPNEQR4OP6JvHuWMI,0
2025-12-29 22:28:12,Yunost',cafe,ChIJaSRcRBFShUQRTSWXRNJaPEE,0
2025-12-29 22:28:12,Shtolle,cafe,ChIJlceuURVShUQREIM-nzI3Y-s,0
2025-12-29 22:28:13,"Тундра, Grill & Bar",bar,ChIJT8zUHCcQNEQROOKYAUCVqvU,44
2025-12-29 22:28:14,Pivlyandiya,bar,ChIJB3pwnS0QNEQR4vTr5yb8X94,0
2025-12-29 22:28:14,Gray Goose,bar,ChIJPW7avdAPNEQRvsTcnwNdwV4,0
2025-12-29 22:28:15,Briz,cafe,ChIJt8Z1tTIQNEQR47kkDKisP3E,0
2025-12-29 22:28:16,Murmansk Regional Children and Youth Library,library,ChIJp-5hgCgQNEQRPO5M0RHOih8,0
2025-12-29 22:28:16,Tezey,book_store,ChIJl5lLnK0RNEQRmy-Jt_S2uAQ,0
2025-12-29 22:28:17,Marusya,book_store,ChIJZ5fmdS4QNEQRVYLagCHEWgE,0
2025-12-29 22:28:17,Internet Bookshop Labyrinth,book_store,ChIJHzbzCNcPNEQR3hBVf1H5XPY,0
2025-12-29 22:28:17,Irrion,book_store,ChIJL7qxbcIPNEQRQKqXR-WE2DA,0
2025-12-29 22:28:18,Knizhnyy Magazin Globus,book_store,ChIJi1sx2tAPNEQR7Ce64vCQ9w8,0
2025-12-29 22:28:19,Bookvoed,book_store,ChIJWaf1zNoPNEQRY0KW1R5hsmc,0
2025-12-29 22:28:19,Book world,book_store,ChIJhbNiKcMPNEQRQW5o4jiE6hY,0
2025-12-29 22:28:20,Knigi,book_store,ChIJ2_kVURBThUQR9-Wl4w8JVSw,0
2025-12-29 22:28:20,Bookvoed,book_store,ChIJyStXJX4FNEQRn6RUhno4xuw,0
2025-12-29 22:28:21,Book World,book_store,ChIJA8O83eYPNEQRLm645c7MHww,0
2025-12-29 22:28:21,Serenity Сomiсs,book_store,ChIJUVptwGwPNEQR7zepmPeQsSE,0
2025-12-29 22:28:22,"Mbuk ""Vystavochnyy Zal G. Murmanska""",art_gallery,ChIJq_YFlS0QNEQRw1pihYjTQhs,0
2025-12-29 22:28:22,Naval Museum of the Northern Fleet,museum,ChIJA8O83eYPNEQRQmp6Rphk1fE,0
2025-12-29 22:28:23,Muzey Istorii Murmanskogo Morskogo Torgovogo Porta,museum,ChIJj4iwvtQRNEQR7cgon0Ck7DE,0
2025-12-29 22:28:24,Murmanskiy Oblastnoy Krayevedcheskiy Muzey,museum,ChIJA8O83eYPNEQRmjin2JkQwo4,0
2025-12-29 22:28:24,Murmanskiy Oblastnoy Khudozhestvennyy Muzey,museum,ChIJA8O83eYPNEQR9tycynax4oM,0
2025-12-29 22:28:25,"Muzey Zanimatel'nykh Nauk ""Fokus""",museum,ChIJAZh5jCgQNEQR2YFM5-mDwhc,0
2025-12-29 22:28:25,Murmanskiy Oblastnoy Krayevedcheskiy Muzey,museum,ChIJ8ZZPxi4QNEQRP2MYfHv2zs4,0
2025-12-29 22:28:26,Lenin,museum,ChIJeU8UJNURNEQR28Gq7izw4Zk,0
2025-12-29 22:28:26,Dom Remesel Murmanskogo Oblastnogo Khudozhestvennogo Muzeya,museum,ChIJuz8PLtoPNEQRwn-36LV7jQk,0
2025-12-29 22:28:27,Muzey Boyevoy Slavy,museum,ChIJX5riU0BShUQRs5XAVSrjOQA,0
2025-12-29 22:28:27,Abram Mys,museum,ChIJZ4YShsQPNEQR96W2PDJqhhY,0
2025-12-29 22:28:28,Ametist,shopping_mall,ChIJ_xdsvtAPNEQRjZ4UtM1aPu0,0
2025-12-29 22:28:28,Germes,shopping_mall,ChIJA8O83eYPNEQRBWRMmzn_EQs,0
2025-12-29 22:28:29,Mirazh,shopping_mall,ChIJA8O83eYPNEQRkRxlznWmm54,0
2025-12-29 22:28:29,Tsentral'nyy,shopping_mall,ChIJA8O83eYPNEQRX2A1PXheKPc,0
2025-12-29 22:28:30,Dom Torgovli,shopping_mall,ChIJ6TiBdCkQNEQRNNRGBPIWV0E,0
2025-12-29 22:28:30,Liga,shopping_mall,ChIJc__ETMMPNEQRb0-2UBVZNBQ,0
2025-12-29 22:28:31,Yelan,shopping_mall,ChIJJ3RDkvIPNEQRYJ6TvTyhTqw,0
2025-12-29 22:28:31,Elektron,shopping_mall,ChIJdYPIVNsPNEQRnrCmwF-28Mk,0
2025-12-29 22:28:32,Yavr,shopping_mall,ChIJj85MIyoQNEQRc_qAcwaUxVc,0
2025-12-29 22:28:33,Arbat,shopping_mall,ChIJCXWCcdYPNEQRT1A1pJRuYis,0
2025-12-29 22:28:33,Pioner,shopping_mall,ChIJf7PiFBFShUQReW-_q6obK_E,0
2025-12-29 22:28:34,Zabota,shopping_mall,ChIJLyJcERFShUQRQkfUyvzE-DA,0
2025-12-29 22:28:34,Alina,shopping_mall,ChIJ6V8YQBFShUQRDUkb3qu-Kio,0
2025-12-29 22:28:35,Sokol,shopping_mall,ChIJf0H5_w9ShUQRLwpmNb20Dl0,0
2025-12-29 22:28:35,"HI,POOH",shopping_mall,ChIJAdKFydoPNEQRtdCur16lip0,0
2025-12-29 22:28:36,Shou-Tekhnologii,shopping_mall,ChIJJRtIz9APNEQRMu-6XcyAFIk,0
2025-12-29 22:28:36,Kruzhka,restaurant,ChIJA8O83eYPNEQRJqoNvwiLFJo,0
2025-12-29 22:28:37,Sushi-Bar Kay,restaurant,ChIJA8O83eYPNEQRbMOcoEwLYvY,0
2025-12-29 22:28:37,Praga,restaurant,ChIJA8O83eYPNEQRd9em-H5ZAyU,0
2025-12-29 22:28:38,Katran Trade,restaurant,ChIJA8O83eYPNEQR7PnwZk7UP6U,0
2025-12-29 22:28:38,Stopka,bar,ChIJA8O83eYPNEQR9G-9fHngD6k,0
2025-12-29 22:28:39,Russkiye Bliny,restaurant,ChIJA8O83eYPNEQR5ZDBuiiDILA,0
2025-12-29 22:28:39,Arktika,restaurant,ChIJd3NMhykQNEQRgPXnJVtRB3Q,0
2025-12-29 22:28:40,Terrasa,restaurant,ChIJTyYZFRRShUQR87Y3VhUUwJY,94
2025-12-29 22:28:40,Cherchill',bar,ChIJIx79iNYPNEQRutPvURV0w1M,0
2025-12-29 22:28:41,Northern Bakeries,restaurant,ChIJX61JUBBShUQRdNeoB9Yi8Uw,0
2025-12-29 22:28:41,Fortuna,restaurant,ChIJe84eAEBShUQRGhpSSEwi9pw,0
2025-12-29 22:28:42,Amigos bar&grill,bar,ChIJPwwsfi4QNEQRwTBcV2klkQU,0
2025-12-29 22:28:42,Alyosha,food_court,ChIJJXT5_sgRNEQRO2Rv3tIP-50,0
2025-12-29 22:28:43,"Otel' ""Ogni Murmanska""",park,ChIJ6RJdvl4FNEQRSUxlWLHbXfw,0
2025-12-29 22:28:44,Discovery,food_court,ChIJWxyfwYEFNEQReaEctK3AWZg,0
2025-12-29 22:28:44,Black Belt Hotel (Hostel),food_court,ChIJfVLBwSMQNEQRQ8jTQtz1kzE,0
2025-12-29 22:28:45,Kongress-Otel' Meridian,food_court,ChIJd5GpHCoQNEQRahI6sNSq3aw,0
2025-12-29 22:28:45,"Cosmos Murmansk Hotel, a member of Radisson Individuals",food_court,ChIJdyefSdgPNEQR5qPr5yQAjVw,0
2025-12-29 22:28:46,Nord Star Ski Complex / Recreation,food_court,ChIJA8O83eYPNEQRediegJRpa-I,0
2025-12-29 22:28:46,Yunost' Zapolyar'ya,food_court,ChIJs7KHLvEPNEQR3rxedaFK69g,0
2025-12-29 22:28:47,Hostel Prichal,food_court,ChIJay17680PNEQRCqnwj7q0Ycw,0
2025-12-29 22:28:47,Фьорд,food_court,ChIJuyJoZqARNEQRn8CCMmL6OCI,0
2025-12-29 22:28:48,Tri Zaytsa,food_court,ChIJIdejaC0QNEQROJqcXRK6-ec,0
2025-12-29 22:28:48,AZIMUT Hotel Murmansk,food_court,ChIJA8O83eYPNEQRCX-bFId7vVU,0
2025-12-29 22:28:49,Rooms & Breakfast,food_court,ChIJbTqsadgPNEQRNGOcTG0GdIo,0
2025-12-29 22:28:50,"Murmansk, Skver",park,ChIJDSk4MioQNEQRGPUTbBPp04I,0
2025-12-29 22:28:50,Ryabinovaya Alleya,park,ChIJI8uTddgPNEQR1J1mBDzrBBw,0
2025-12-29 22:28:51,"""Domiki U Foruma""",park,ChIJz-RCABVOhUQRc8aREPRb79E,0
2025-12-29 22:28:51,Ploshchad' Pyat' Uglov,park,ChIJvyFLjykQNEQRZo7vAVL49d8,0
2025-12-29 22:28:52,Park Zhertv Interventsii,park,ChIJb70c0isQNEQRzGhi5IBn3BE,0
2025-12-29 22:28:52,"Pamyatnik Rybakam I Korablyam, Pogibshim Pri Zashchite Sovetskogo Zapolyar'ya V Gody Velikoy Otechestvennoy Voyny.",park,ChIJ2QbYKdQPNEQRM_54zSJf55Y,0
2025-12-29 22:28:53,Skver U Morskogo Vokzala,park,ChIJAyH4R7ARNEQRvEBxD73GIDY,0
2025-12-29 22:28:53,Skver Vlyublennykh,park,ChIJ7fskjIgRNEQR8O4t5s5sNbk,0
2025-12-29 22:28:54,Park,park,ChIJcxqPpdAPNEQRd6mXHm_t9FA,0
2025-12-29 22:28:55,Park,park,ChIJdbTmitoPNEQRyzPXAxhQX9U,0
2025-12-29 22:28:55,Breakout-quests in reality,movie_theater,ChIJq6pubdYPNEQR6_Dd4xlzt-Q,0
2025-12-29 22:28:56,Murmansk,movie_theater,ChIJL2HfT9gPNEQR8PQ3NT5oMzg,0
2025-12-29 22:28:56,Severnoye Siyaniye,movie_theater,ChIJN_l8sNoPNEQR4dZCGdjWn3w,0
2025-12-29 22:28:57,Mirage Cinema,movie_theater,ChIJUzWpJX4FNEQRrj2-F5lI9P4,0
2025-12-29 22:28:58,Severnoye Nagornoye,movie_theater,ChIJ67D5EEFOhUQR2ZOT0bqcRXQ,0
2025-12-29 22:28:58,Kronverk Cinema Forum,movie_theater,ChIJjVLe7OYPNEQR_ntQmglofzM,0
2025-12-29 22:28:59,Avrora,movie_theater,ChIJ_ZapuQoRNEQR9pDiisujyv0,0
2025-12-29 22:28:59,Lyumen Galaktika,movie_theater,ChIJgaNpACAQNEQRV9WhgBVrBdA,0
2025-12-29 22:29:00,Milan,bar,ChIJA8O83eYPNEQRxdsKxICqKHw,0
2025-12-29 22:29:00,Pivnaya Karta,bar,ChIJlaFuABRShUQRpfsrOSSgk50,0
2025-12-29 22:29:01,Pin-up,bar,ChIJT-OoBhFShUQR3iVjaXIO4yQ,0
2025-12-29 22:29:01,Lit.ra,bar,ChIJKdSmmicQNEQRm58MKdFYnmw,0
2025-12-29 22:29:02,NORTH BEAR Lounge,bar,ChIJRaIW-C4QNEQRmhMQSs6nKXs,0
2025-12-29 22:29:02,Cherdak,bar,ChIJOzbynScQNEQRxvfZ0KOTtjQ,0
2025-12-29 22:29:03,Pivnaya Karta,bar,ChIJQT9NBRBShUQRc-qlUBW3lmM,0
2025-12-29 22:29:03,Ironiya Sud'by,night_club,ChIJg9moRRVShUQROpCkBAe6ojA,0
2025-12-29 22:29:04,"""Chicago""",bar,ChIJAcLiF9EPNEQRj1syIZWkAhE,0
2025-12-29 22:29:05,Gogol',night_club,ChIJfdMLQSYQNEQRPO_G5VOSZMg,0
2025-12-29 22:29:05,Hookah # 1916,night_club,ChIJqbyqBtEPNEQRfd7puDxygV4,0
2025-12-29 22:29:06,Shury-Mury,night_club,ChIJ-789BQFShUQRCpHO1xhcToM,0
2025-12-29 22:29:06,Kommunalka,night_club,ChIJlwOHGYQFNEQRPrII6iHmqEQ,0
2025-12-29 22:29:07,Ledokol,night_club,ChIJA8O83eYPNEQRDwIjfkptGKo,0
2025-12-29 22:29:07,OKEAN Hall,night_club,ChIJ4wI3BTURNEQRn3qwJf-x8Gc,0
2025-12-29 22:29:08,ZALL CLUB & concert hall,night_club,ChIJl9_qM6IPNEQRm_QHNhVE6kU,0
2025-12-29 22:29:08,"GOOD Night, Rooms & Hostel",night_club,ChIJP0WikRQPNEQRa-fOwDqHksg,0
2025-12-29 22:29:09,Енотополис,night_club,ChIJwWg6mXYRNEQROuHfEBIfq10,0
2025-12-29 22:29:09,Zажигалка,night_club,ChIJr-lBWRcRNEQRf90aizHXu4E,0
2025-12-29 22:29:10,"Banketnyy Zal ""Otdykh Kholl""",night_club,ChIJf4HsqCMQNEQRKwGLJKcbkLs,0
2025-12-29 22:29:10,Sauna Berloga,night_club,ChIJBzc_y0UQNEQRO2ZS7blu3tA,0
2025-12-29 22:29:11,"Garin, dj bar",night_club,ChIJWf3BL7sRNEQRprlb-kJZSsI,0
2025-12-29 22:29:11,Kruzhka,night_club,ChIJgXNkcogPNEQReytBCr9yQnc,0
2025-12-29 22:29:12,Noch',night_club,ChIJJ7NHNpEFNEQRpbegxcPA668,0
2025-12-29 22:29:12,Sfera,bowling_alley,ChIJA8O83eYPNEQRbiGVeXnNfh0,0
2025-12-29 22:29:13,Our planet,gym,ChIJA8O83eYPNEQRW4Jv7jdiRQY,0
2025-12-29 22:29:13,Omega fitness,gym,ChIJA8O83eYPNEQRs3QgGI9smKE,0
2025-12-29 22:29:14,"Olimpiya, Sportivnyy Tsentr",gym,ChIJA8O83eYPNEQRX5cDvwmT8iQ,0
2025-12-29 22:29:15,Yoga Studio Jaya,gym,ChIJH2MtKS8QNEQRao9vAMosRYU,0
2025-12-29 22:29:15,Nord Gym,gym,ChIJWaYlJiYQNEQRxFFkOqOSJ68,0
2025-12-29 22:29:16,Akvafitnes,gym,ChIJRdIeQUBShUQRjGIbXXadFg0,0
2025-12-29 22:29:16,Elit Fitnes,gym,ChIJ82sd_yYQNEQRmbdQ2XG1znk,0
2025-12-29 22:29:17,Yogin,gym,ChIJ-9xl2i8QNEQRTAN0vSKNzFs,0
2025-12-29 22:29:17,Tsentr Effektivnoy Fizkul'tury,gym,ChIJ7TI-LtoPNEQRKBdqCOybftc,0
2025-12-29 22:29:18,Shkola Zdorov'ya,gym,ChIJC-IK_94PNEQR6__cPUsFwnc,0
2025-12-29 22:29:18,S-Terminal,gym,ChIJscBuAERShUQRNwZ6oETZmuo,0
2025-12-29 22:29:19,Kinezis,gym,ChIJ5zR3NugPNEQRwHcW-rXB-wk,0
2025-12-29 22:29:19,Murmanskiy Legkoatleticheskiy Manezh,gym,ChIJVbj9CvEPNEQRg5u3_5OT-uo,0
2025-12-29 22:29:20,ФИТНЕС МАСТЕР Ленинский,gym,ChIJT977GKwRNEQRvSbEMQMdpNY,0
2025-12-29 22:29:20,Murmansk,transit_station,ChIJd7deRBRShUQRfmXdofmwWsA,0
2025-12-29 22:29:21,"Murmansk, Zheleznodorozhnaya Stantsiya Murmanskogo Tsentra Organizatsii Raboty Zheleznodorozhnykh S",transit_station,ChIJDeKATtMRNEQREVtD75Wwkfc,0
2025-12-29 22:29:21,Kola,transit_station,ChIJDxInCvUFNEQRrK6ENZC7g6Q,0
2025-12-29 22:29:22,Murmansk Commercial Seaport,transit_station,ChIJA8O83eYPNEQRv_114miQiso,0
2025-12-29 22:29:22,Avtovokzal,transit_station,ChIJA8O83eYPNEQR8KpHrOHe6eM,0
2025-12-29 22:29:23,Marine Station,transit_station,ChIJDeKATtMRNEQRITjHNc2fP0c,0
2025-12-29 22:29:23,Morvokzal,transit_station,ChIJx6dFxdQRNEQRqXimE3wsIeI,0
